ordinal	global_index	date	text_one_line
1	35	20.04.2019 11:18:49 UTC-05:00	Ok.. somebody has cracked the first code.
2	36	20.04.2019 11:19:00 UTC-05:00	that was way faster than expected.
3	38	20.04.2019 11:21:57 UTC-05:00	The first part. Maybe the puzzle has multiple stages 😉.
4	40	20.04.2019 11:22:36 UTC-05:00	It is.
5	46	20.04.2019 11:41:14 UTC-05:00	It's a way to protect websites against cross site request forgery but the loadbalancer is a bitch on multiple tries apparently.
6	144	22.04.2019 09:28:08 UTC-05:00	wrong chat RKT [] 😊
7	148	22.04.2019 09:39:49 UTC-05:00	😂
8	155	22.04.2019 14:48:52 UTC-05:00	5ac407837447fba24ba2802e4d1e9aecb4580aa29fef1088cc387c180b746f75
9	156	22.04.2019 14:49:09 UTC-05:00	just try hit your options against that hash.
10	159	22.04.2019 16:24:17 UTC-05:00	Puzzle token issue for stage 1 seems to be resolved.
11	162	22.04.2019 16:26:42 UTC-05:00	https://passwordsgenerator.net/sha256-hash-generator/
12	164	22.04.2019 16:26:51 UTC-05:00	or just get yourself a python script
13	167	22.04.2019 16:28:13 UTC-05:00	a sticker
14	184	22.04.2019 17:29:02 UTC-05:00	A hash which we provided as the website was giving a lot of token errors. With this hash the puzzlers can try their passwords instead of firing them at the website.
15	231	23.04.2019 13:57:51 UTC-05:00	Ewout managed to crack the april 1st puzzle. He was the first to solve it.
16	386	27.04.2019 10:46:58 UTC-05:00	hahahaha :D
17	387	27.04.2019 10:47:07 UTC-05:00	back to the pile!
18	405	29.04.2019 17:35:29 UTC-05:00	I personally don't mind you talkinig in another language in  this chat tbh although I do prefer english to be the standard language as I assume most of us will be able to follow the conversations. The main chat of GSMG is english only.
19	502	08.05.2019 08:20:21 UTC-05:00	Apparently somebody managed to get into Phase 3 🧐
20	505	08.05.2019 08:34:39 UTC-05:00	Nobody knows
21	661	14.05.2019 09:49:49 UTC-05:00	👌
22	662	14.05.2019 09:51:40 UTC-05:00	Quests might* be scams. We didn't promote this puzzle nor is it unsolvalble. Please enjoy the puzzle or continue your journey.
23	666	14.05.2019 09:53:59 UTC-05:00	Sure, once it's solved.
24	669	14.05.2019 10:01:11 UTC-05:00	I suppose the btc price will be above 10k at the next halving.
25	674	17.05.2019 17:39:21 UTC-05:00	Dear all, somebody pointed out that there might be a mistake in phase III and that is correct unfortunately. The mistake makes it nearly impossible to solve unless you'd know where to add 1 extra character between the 3 answers. My sincerest apologies for this, I'll fix this a soon as I've found a decent spot to do so as I'm on holiday atm. Again, 1000 times sorry, I'm aware I might have wasted a lot of time for some :-(...
26	675	17.05.2019 17:43:46 UTC-05:00	Here's the hint in order to bypass the mistake: /  / giveit = givetit
27	677	17.05.2019 19:04:04 UTC-05:00	Correct.
28	678	17.05.2019 19:15:22 UTC-05:00	For those feeling bad about having wasted time on my typo. I might feel even worse as I've tested the entire puzzle 3 times with the same string which had the typo in it 😒. I'll kill some braincells tonight with tasteless alcohol in order to forget this blunder.
29	681	17.05.2019 21:30:08 UTC-05:00	The issue is within the 3th phase. Not in going from 2 to 3.
30	682	17.05.2019 21:30:34 UTC-05:00	Once you have to work with give(t)it you'll know.
31	683	18.05.2019 11:26:26 UTC-05:00	"So, after yesterday's 'hint' a team of puzzlers has made an unbelievable amount of progress in just one day... The progress they made was unforseen as we expected it to take at least a !month! to pass those parts of the puzzle. Hat off for those that managed to puzzle their way through all the ciphers and riddles in this extraordinary pace. We're really impressed by that, actually, we stand in awe for you. Congrats. /  / To those not having reached Phase III yet, no worries besides a bit of extra pressure. The ""last"" part of the puzzle will ensure that there's quite some time for you guys to catch up to them... although given their obvious skill this might be solved quicker than expected aswell.. time will tell. Good luck!"
32	685	18.05.2019 11:31:02 UTC-05:00	In case the private key hasn't been found in 2019 we'll release a tiny hint at the start of 2020, that will be the final hint. Can the private key be retrieved without that hint? Yes.
33	689	18.05.2019 11:49:27 UTC-05:00	Nope
34	690	18.05.2019 11:50:17 UTC-05:00	Part III consist out of a few stages. The last few stages are, how shall I say it, not really easy to solve for most.
35	699	18.05.2019 12:10:46 UTC-05:00	No, they reaced out to me on tg and send me proof of them passing the stages.
36	701	18.05.2019 12:13:29 UTC-05:00	No hints after stage 2 (except the 't' to fix my stupid mistake)
37	733	26.05.2019 19:25:10 UTC-05:00	Not completely, voice recognition might even work to pass although I'd copy past the answer as it's faster ;-).
38	735	26.05.2019 22:20:49 UTC-05:00	Ok you found a song. Do have a clue on how to proceed on the webpage?
39	741	28.05.2019 11:45:40 UTC-05:00	Nobody knows.
40	755	31.05.2019 10:02:28 UTC-05:00	Now we need a bot here too
41	762	31.05.2019 10:27:49 UTC-05:00	shitcoin
42	763	31.05.2019 10:27:53 UTC-05:00	😉
43	764	31.05.2019 10:28:01 UTC-05:00	Well.... yes
44	765	31.05.2019 10:28:28 UTC-05:00	Apparently folks found a new piece.
45	768	31.05.2019 10:29:13 UTC-05:00	Almost banned for spam 😋
46	771	31.05.2019 10:32:29 UTC-05:00	/daysandbox_set [] safe_hours=720
47	937	27.06.2019 16:38:51 UTC-05:00	🌱
48	938	27.06.2019 16:39:32 UTC-05:00	🛣
49	1079	10.08.2019 11:50:10 UTC-05:00	You'll only know when you've solved that part.
50	1098	04.09.2019 02:58:16 UTC-05:00	Still no hints ;-)
51	1106	22.09.2019 17:55:01 UTC-05:00	Found it by now?
52	1110	22.09.2019 18:00:48 UTC-05:00	7 parts right?
53	1126	26.09.2019 10:35:24 UTC-05:00	There may indeed a piece be found outside the main puzzle.
54	1160	13.10.2019 13:38:53 UTC-05:00	Gsmg.io/puzzle
55	1197	31.10.2019 20:53:04 UTC-05:00	Sure, what's the hint?
56	1205	03.12.2019 12:55:55 UTC-05:00	giveit = givetit
57	1228	31.12.2019 05:30:23 UTC-05:00	Hahaha, you're on it. Not an exact time, but it will be posted in this channel. It's at the start of 2020 indeed, way before the halving.
58	1229	31.12.2019 05:33:29 UTC-05:00	To all you peepz in advance: have a blast in the last part of 2019 and have an even better 2020. Best wishes to you all and good luck with the next puzzle piece(s) in case you manage to find them 😉!
59	1232	04.01.2020 20:01:19 UTC-05:00	Anybody hungry?
60	1235	04.01.2020 20:01:54 UTC-05:00	No, it's a dessert
61	1242	04.01.2020 20:06:01 UTC-05:00	Note: I might be in a trolling mood.
62	1255	12.01.2020 15:52:32 UTC-05:00	👆
63	1275	13.01.2020 11:40:54 UTC-05:00	Hint to be expected within a few days. Note: not trolling with scripted cake this time.
64	1282	14.01.2020 05:38:06 UTC-05:00	Roses are White but often Red. / Yellow has a number and so does Blue. / Go back to the first puzzle piece without further ado. /  / It might have shown you only one door, beware that the rabbits nest may contain a whole lot more. /  / Hush hush.
65	1283	14.01.2020 05:38:49 UTC-05:00	Good luck 👍
66	1288	27.01.2020 10:21:35 UTC-05:00	Might have been fixed fyi 👆
67	1290	27.01.2020 11:00:04 UTC-05:00	Would be nice, not required
68	1298	20.02.2020 10:31:58 UTC-05:00	😎
69	1307	21.02.2020 08:03:21 UTC-05:00	I'm not the esthetician when it comes to coding 😉
70	1310	22.02.2020 10:19:41 UTC-05:00	👋
71	1322	22.02.2020 10:32:30 UTC-05:00	Solutions for the first stages can be found online.
72	1324	22.02.2020 10:32:52 UTC-05:00	The quickest brain did it within 2 hours if I remember correctly.
73	1326	22.02.2020 10:34:10 UTC-05:00	Don't know
74	1350	22.02.2020 11:11:52 UTC-05:00	Typos: Horrible mistakes due to rushed work. I'm 100% to blame for this noobish display of words. No clues to be found in those typos might you wonder 😉.
75	1375	22.02.2020 15:30:18 UTC-05:00	Only -41,-17 matters
76	1416	25.02.2020 07:45:53 UTC-05:00	Not sponsored, just see it as a side quest
77	1518	25.02.2020 13:04:46 UTC-05:00	You are right
78	1526	25.02.2020 13:07:05 UTC-05:00	FA please soften the communication. I like enthusiasm, but don't bring down the vibe. A lot of very smart people have been on this puzzle and put in a lot more effort than 1 can do in a month. Some puzzlers amazed me by being so incredibly fast in some stages.
79	1528	25.02.2020 13:07:19 UTC-05:00	3.2 is a thing btw
80	1532	25.02.2020 13:09:10 UTC-05:00	Or nobody found the direction
81	1535	25.02.2020 13:09:39 UTC-05:00	But I should shut up ofcourse 😁
82	1538	25.02.2020 13:10:30 UTC-05:00	I'd dive in the puzzle from the beginning before making assumptions
83	1539	25.02.2020 13:11:01 UTC-05:00	A few guys here cracked phase 2 in 2 days.
84	1541	25.02.2020 13:15:01 UTC-05:00	Don't know but most see 3.2 as the last part.
85	1581	25.02.2020 13:38:52 UTC-05:00	😂😂😂
86	1584	25.02.2020 13:40:01 UTC-05:00	Just spend less time here fishing for clues and solve 🧐
87	1675	27.02.2020 11:06:27 UTC-05:00	Nice and silent
88	1676	27.02.2020 11:06:41 UTC-05:00	Damn so annoying
89	1678	27.02.2020 11:07:09 UTC-05:00	He'll be back
90	1692	16.03.2020 08:13:31 UTC-05:00	Yeah we might want to push the English only rule here too ;-)
91	2223	24.03.2020 19:19:39 UTC-05:00	Interesting 😜
92	2228	24.03.2020 20:02:42 UTC-05:00	Answering that would be too much of a hint.
93	2236	24.03.2020 20:22:40 UTC-05:00	There must at least be something hidden in there.
94	2498	06.04.2020 07:12:03 UTC-05:00	No hints 🤓
95	2546	08.04.2020 13:38:10 UTC-05:00	Those hints are the last hints. Although I can say that one team managed to find something... something others haven't yet found (unless they didn't tell us).
96	2548	08.04.2020 14:01:53 UTC-05:00	That would be another hint.
97	2550	08.04.2020 14:12:53 UTC-05:00	there are errors?
98	2553	08.04.2020 14:16:14 UTC-05:00	Before you send anything. No hints; errors and typos are mostly not intended 😄
99	2556	08.04.2020 14:27:23 UTC-05:00	"well, I'll just wait until you guys have progressed to ""the next stage or something like that""😁"
100	2572	08.04.2020 15:12:57 UTC-05:00	the backstage 😎
101	2576	08.04.2020 15:16:02 UTC-05:00	obviously a typo
102	2577	08.04.2020 15:17:30 UTC-05:00	Rushed work. I take all the blame there is for those 😞. My sincerest apologies.
103	2578	08.04.2020 15:17:43 UTC-05:00	Hope it hasn't spoiled the fun so far.
104	2580	08.04.2020 15:19:06 UTC-05:00	I can't even write without typo's. The intelligence is an illusion.
105	2582	08.04.2020 15:19:36 UTC-05:00	But thanks nevertheless.
106	2591	08.04.2020 15:27:08 UTC-05:00	Quite some typos have been changed already. The biggest blunder so far in the mainline of the puzzle was givetit instead of giveit 😩🔨
107	2593	08.04.2020 15:28:48 UTC-05:00	What impressed me most so far was that 1 crew even managed to pass it while the typo was unknown.
108	2597	08.04.2020 15:33:39 UTC-05:00	Humph. Hope, it is the quintessential human delusion, simultaneously the source of your greatest strength, and your greatest weakness.
109	2598	08.04.2020 15:33:48 UTC-05:00	(not a hint btw, just fooling around)
110	2602	08.04.2020 15:39:11 UTC-05:00	like 5 thousand milibitcoin...?
111	2608	08.04.2020 15:51:58 UTC-05:00	And Oen
112	2674	11.04.2020 14:52:20 UTC-05:00	♟
113	2792	29.04.2020 12:18:49 UTC-05:00	👆
114	2996	11.05.2020 12:07:48 UTC-05:00	Invest it in bitconnect.
115	3011	11.05.2020 14:26:40 UTC-05:00	Well spotted
116	3012	11.05.2020 14:26:51 UTC-05:00	Happy halving!
117	3014	11.05.2020 14:31:00 UTC-05:00	It'll high likely be worth more than it once the price was 5 btc. Next halving in 209999
118	3031	11.05.2020 15:31:25 UTC-05:00	Let's see what bitcoin is worth the next halving and who knows what you'll find after opening the 2nd door. The price is in half, but what does it mean 🤔.
119	3140	20.05.2020 17:54:11 UTC-05:00	It is
120	3141	20.05.2020 18:36:55 UTC-05:00	This one 👆.
121	3143	20.05.2020 21:40:46 UTC-05:00	answer is there
122	3145	21.05.2020 01:12:59 UTC-05:00	First or zero
123	3180	23.05.2020 07:29:12 UTC-05:00	Thanks @EwoutM [https://t.me/EwoutM], I fell asleep.
124	3182	23.05.2020 08:40:20 UTC-05:00	/goodbye [] off
125	3183	23.05.2020 08:40:29 UTC-05:00	/cleanwelcome [] on
126	3194	23.05.2020 14:51:51 UTC-05:00	I have a purpose now. Buy a dosis of super covid-20 for every spammer.
127	3196	23.05.2020 14:53:42 UTC-05:00	Perfect
128	3197	23.05.2020 14:53:55 UTC-05:00	Make it very contagious please.
129	3200	23.05.2020 15:01:14 UTC-05:00	/lock [] audio bot button command contact document email emojigame forward game invitelink location phone poll rtl sticker url video videonote voice
130	3201	23.05.2020 15:01:44 UTC-05:00	😇
131	3210	24.05.2020 21:17:02 UTC-05:00	I think a computer would beat me in the turing test.
132	3312	30.06.2020 18:29:05 UTC-05:00	👆
133	3331	02.08.2020 11:54:57 UTC-05:00	Or the same puzzle, or just not at all 🤷‍♀.
134	3332	02.08.2020 11:56:20 UTC-05:00	Really nobody managed to find the extra door, didn't expect that after the earlier pace of cracking things.
135	3337	03.08.2020 07:46:06 UTC-05:00	A few here know
136	3343	03.08.2020 10:17:43 UTC-05:00	It's ok, more chance for those that aren't running. We said we'd do this from the start, no need to feel bad about this.
137	3352	09.08.2020 05:38:27 UTC-05:00	a private key
138	3369	10.08.2020 11:50:52 UTC-05:00	Cracking ethereum requires billions of ether.
139	3399	12.08.2020 08:10:55 UTC-05:00	Indeed remarkable with the hints stating the path pretty obvious...
140	3404	12.08.2020 13:22:59 UTC-05:00	No hints
141	3405	12.08.2020 13:23:21 UTC-05:00	There's 1 club that passed but they are stuck in the next phase.
142	3407	12.08.2020 14:18:55 UTC-05:00	Correct
143	3450	01.10.2020 07:41:56 UTC-05:00	I've just been notified that number 2 has made it to the next stage.
144	3560	27.10.2020 03:58:39 UTC-05:00	https://www.blockchain.com/btc/address/1GSMG1JC9wtdSwfwApgj2xcmJPAwx7prBe price is indeed still there.
145	3677	24.11.2020 13:02:48 UTC-05:00	We have our reasons halving the price money at every bitcoin halving event :-).
146	3679	24.11.2020 14:02:23 UTC-05:00	Who knows, maybe even in the same block.
147	3793	26.12.2020 06:54:18 UTC-05:00	Thanks
148	3881	07.01.2021 14:57:32 UTC-05:00	It'll be split on the next halving.
149	3884	07.01.2021 14:58:45 UTC-05:00	We mentioned this at the beginning, when the puzzle started.
150	3886	07.01.2021 14:59:38 UTC-05:00	Depends on the contestants' puzzle skills.
151	3891	07.01.2021 16:58:17 UTC-05:00	Tg channel
152	4139	18.01.2021 09:41:23 UTC-05:00	I can solemnly promise you I'm not using any other accounts besides my own.
153	4143	19.01.2021 13:12:59 UTC-05:00	"From now on no more begging for money in exchange for ""hints"". Doing so results in a ban. Measure in place due to many complaints."
154	4144	19.01.2021 13:14:14 UTC-05:00	This puzzle is supposed to be fun ✌️.
155	4150	19.01.2021 16:39:00 UTC-05:00	I'll offer free hints in PM. (After you've paid me 5.1 btc 🤡).
156	4151	19.01.2021 16:39:13 UTC-05:00	Good luck again.
157	4172	21.01.2021 06:35:49 UTC-05:00	Not to give any hints but a few might not require the internet anymore.
158	4366	01.03.2021 06:33:17 UTC-05:00	Ancient spelling 😅. One of the many many typos.
159	4372	01.03.2021 06:34:42 UTC-05:00	You are at the prime part already???
160	4375	01.03.2021 06:35:15 UTC-05:00	Oh wait, shouldn't have said that. That might have been a hint 🤔.
161	4388	01.03.2021 06:38:37 UTC-05:00	Rumour has it I'm an admin at least.
162	4626	05.03.2021 08:14:28 UTC-05:00	Those not enjoying the puzzle are the ones wasting time I guess 😅?
163	4633	05.03.2021 08:15:26 UTC-05:00	Infrared
164	4635	05.03.2021 08:15:45 UTC-05:00	No hints 🤡
165	4854	14.03.2021 01:58:08 UTC-05:00	Fyi. Another person (or team) made it to salph.
166	4858	14.03.2021 04:25:14 UTC-05:00	Nope
167	4860	14.03.2021 04:45:01 UTC-05:00	I don't check the website logs. There aren't any tracking scripts either. People somehow now how to reach me on telegram and PM me, that's how I know :-). Although I can't prove it, we don't monitor the puzzlers progress in any way. I just read the chat and when I notice the address is empty I'll know how they did it. After the first stage was cracked within no-time I was afraid the entire puzzle would have been solved not too long after that. When people progress in salphation it might be cracked pretty soon. Breaking salphation, should be giving the feeling of the phase's name. Won't be easy but I've noticed how clever most of you are so I assume it will be cracked at some point, probably before next halving.
168	4870	14.03.2021 10:19:29 UTC-05:00	I gave an unforseen hint already 🤷‍♂
169	4873	15.03.2021 02:16:26 UTC-05:00	Hush hush
170	4893	19.03.2021 06:07:55 UTC-05:00	If know about 3 people/teams.
171	4895	19.03.2021 06:19:59 UTC-05:00	4*
172	5044	22.03.2021 11:53:39 UTC-05:00	Nr 5 in salph
173	5091	24.03.2021 17:19:43 UTC-05:00	🤣
174	5159	27.03.2021 08:37:10 UTC-05:00	Maybe combine it with some psilocybe azurescens and mao inhibitors or go all  the way with some 5-MeO-DMT. 👀
175	5177	01.04.2021 01:57:38 UTC-05:00	"Hint: ""another door might be found on {1 },{4} ,{21}"""
176	5183	01.04.2021 03:34:22 UTC-05:00	Good one V ;-). (Assuming you played cyberpunk).
177	5196	01.04.2021 08:29:41 UTC-05:00	R=18 / A=1 / B=2 /  / Could also be 21 or 1812 bit 🧐. Sometimes I'm glad I don't have to solve this puzzle myself.
178	5225	01.04.2021 09:06:39 UTC-05:00	👆
179	5292	02.04.2021 15:18:22 UTC-05:00	I haven't deleted it. Not sure who, but I noticed some more messages are deleted from time to time.
180	5317	03.04.2021 10:51:32 UTC-05:00	Nobody knows
181	5318	03.04.2021 10:52:35 UTC-05:00	I've been pretending to be one of the few creators for a while now.
182	5338	06.04.2021 09:08:39 UTC-05:00	Some parts of cicada puzzles are still unsolved. Must be bad design.
183	5339	06.04.2021 09:09:36 UTC-05:00	If it were just about having fun, that'd be great wouldn't it :-).
184	5381	09.04.2021 14:46:38 UTC-05:00	✅
185	5397	10.04.2021 12:49:28 UTC-05:00	Fyi, another person or team reached salph today.
186	5498	16.04.2021 06:14:33 UTC-05:00	Blame noted and accepted
187	5501	16.04.2021 06:20:09 UTC-05:00	Deal, we'll take of 75% instead 😈.
188	5502	16.04.2021 06:21:12 UTC-05:00	https://www.bitcoinblockhalf.com/
189	5505	16.04.2021 06:33:32 UTC-05:00	I don't care who shares what indeed, too much of a hassle. As long as people enjoy and that the best puzzler gets the price I'm ok with a lot.
190	5518	16.04.2021 07:08:24 UTC-05:00	Good point
191	5601	18.04.2021 12:33:41 UTC-05:00	I suspect he isn't
192	5608	18.04.2021 13:24:13 UTC-05:00	Do you know what usually happens on the first of april?
193	5809	10.08.2021 15:51:12 UTC-05:00	Technically we do 😁
194	5811	11.08.2021 05:55:52 UTC-05:00	The one to be found by solving the puzzle yes
195	5813	11.08.2021 06:07:15 UTC-05:00	And the solver will find a way to 'decrypt' it.
196	5848	23.09.2021 18:38:41 UTC-05:00	https://blockchair.com/tools/halving-countdown
197	5851	24.09.2021 04:37:18 UTC-05:00	This was alcohol talking last night. The topic puzzle came up, and couldn't resist posting it 😅.
198	5853	24.09.2021 05:01:15 UTC-05:00	That's not mine
199	5863	31.10.2021 06:08:49 UTC-05:00	😅
200	5868	02.12.2021 22:41:18 UTC-05:00	There is / Another / D / O / O / R
201	5869	02.12.2021 22:46:25 UTC-05:00	Remind me when it's Christmas.
202	5912	26.12.2021 15:11:26 UTC-05:00	Oh well, why not. A mini mini hint. Ready 🐰?
203	5914	26.12.2021 15:18:32 UTC-05:00	"The previous ""there is another door hint"" is still a thing. We're not sure if anyone has found another door so far, and we can't check that... We've seen prime numbers being mentioned; well, that is definitely an aspect which is required to proceed. Furthermore, along the way, some characters need to be 'zeroed out'.. Best of luck and happy holidays! 🥂"
204	5942	30.12.2021 19:39:11 UTC-05:00	...how did you found out?
205	5944	30.12.2021 19:42:43 UTC-05:00	That leaves me positively speechless
206	5946	30.12.2021 19:45:53 UTC-05:00	Rumour has it, it is was done before dawn.
207	5948	30.12.2021 19:46:44 UTC-05:00	This was stated after drinking dozers stuff.
208	5949	30.12.2021 19:47:07 UTC-05:00	😁
209	5954	31.12.2021 12:14:55 UTC-05:00	The only date I give away is the expiry date of neo's passport.
210	6028	25.05.2022 09:25:33 UTC-05:00	Looks like somebody found a gsmg subscription.
211	6056	01.06.2022 11:56:24 UTC-05:00	👽
212	6133	02.12.2022 07:14:53 UTC-05:00	It is meant to be solved.
213	6139	02.12.2022 07:36:36 UTC-05:00	There might be a hint coming but not too soon.
214	6141	02.12.2022 17:45:40 UTC-05:00	I'm not exactly sure how long it would take to discover that theory so I can't really tell 🤔.
215	6142	11.12.2022 10:30:38 UTC-05:00	.... That is very specific
216	6146	11.12.2022 10:33:20 UTC-05:00	If the puzzle is solved you'll see how scary specific that is 😂
217	6157	08.01.2023 23:52:11 UTC-05:00	@barrystyle [https://t.me/barrystyle], provided a very specific hint already.
218	6159	09.01.2023 05:10:46 UTC-05:00	At least prime number is very important to get any further.
219	6168	11.01.2023 03:46:17 UTC-05:00	Mini apologies for this Jeremy gif, couldn't help myself.
220	6170	11.01.2023 19:23:03 UTC-05:00	Rumour has it a new hint is to be expected within 2 months from now.
221	6176	12.01.2023 06:02:00 UTC-05:00	We obviously did this to have a chance at ending up in the Guinness Book for creating the lamest puzzle ever.
222	6179	12.01.2023 06:07:00 UTC-05:00	I checked a certain GitHub yesterday, for whoever set that up, nicely done. You guys are really getting close.
223	6180	12.01.2023 06:08:02 UTC-05:00	At least higher than sqrt(-1).
224	6181	12.01.2023 06:09:14 UTC-05:00	Focussing on the theory of everything is also still a valid path to reaching the private key.
225	6183	12.01.2023 06:10:54 UTC-05:00	An imaginary puzzle would.
226	6186	12.01.2023 06:15:46 UTC-05:00	Just be clear. My apologies for this puzzle not to be too easy. I'm aware it might appear unsolvable, but it's not. If you find the answer now, the remaining 2.5 btc is well deserved... Or 5, who knows.
227	6190	12.01.2023 11:05:16 UTC-05:00	Every btc halving the price will half too.
228	6194	12.01.2023 12:47:07 UTC-05:00	👆
229	6204	25.01.2023 09:59:19 UTC-05:00	42
230	6255	02.02.2023 09:47:18 UTC-05:00	I'm staying out of this one 😅
231	6262	23.02.2023 18:20:03 UTC-05:00	00100110 10100110 11001110 10010110 10110110 11110110 01001110 00001110 10011110 10000110 11101110 10000110 10100110 01101110 10010110 11100110 10100110 10101110 01001110 00101110 10000110 11001110 10010110 00001110 10100110 00101110 11001110 00101110 11001110 10000110 00110110 10011110 01001110 10100110 01101110 00101110 10010110 11100110 01110110 10010110 10100110 10100110 11001110 00101110 11110110 01110110 10100110 01001110 10101110 11110110 10011110 00101110 10101110 01000110 11001110 10100110 10011110 10100110 01001110 10101110 11110110 10011110 01100110 11110110 00101110 01110110 11110110 01001110 01100110 01110110 10010110 11001110 00101110 10010110 00100110 01001110 11110110 11101110 11001110 11001110 10000110 00001110 10100110 00010110 00101110 10011110 10000110 11101110 10000110 10100110 01101110 10010110 11100110 00101110 01110110 11110110 11101110 10100110 11101110 11100110 01110110 10000110 10011110 01110110 10010110 10011110 10100110 11000110 10010110 11110110 00010110 11000110 10010110 00010110 11000110 01001110 10000110 10100110 01001110 11110110 01100110 10100110 01000110 11001110 00100110 01001110 11110110 11101110 00101110 11001110 10000110 00110110 00101110 11001110 10010110 00110110 10110110 10101110 11001110 00011110 10010110 01001110 00101110 10000110 10110110 11001110 10100110 10110110 10010110 01001110 00001110 10100110 10101110 00110110 01000110 11101110 11110110 00110110 00110110 10100110 10011110
232	6279	03.03.2023 04:47:19 UTC-05:00	🐰
233	6286	07.04.2023 21:53:03 UTC-05:00	👆🤷‍♂
234	6294	14.04.2023 12:41:07 UTC-05:00	It can be solved, albeit very difficult as you have to understand how to interpret all the hints. Currently we are not planning to release any new hints soon.
235	6313	29.04.2023 16:19:45 UTC-05:00	😂
236	6316	02.05.2023 14:12:43 UTC-05:00	Still remarkable that scene. Especially the expiration date of his passport 😁.
237	6318	02.05.2023 15:03:59 UTC-05:00	Hope..
238	6352	10.06.2023 01:39:07 UTC-05:00	Correct. / - / No. / - / Can't say anything about this.
239	6383	12.06.2023 07:31:49 UTC-05:00	Physically, I assume not 😅.
240	6497	03.08.2023 14:50:23 UTC-05:00	Ok ok ok ok. I can't hold this one any longer.
241	6498	03.08.2023 14:51:33 UTC-05:00	Are you really looking for just the btc...?
242	6503	03.08.2023 15:17:19 UTC-05:00	Another one only 8 minutes after the last one?
243	6511	03.08.2023 15:28:20 UTC-05:00	Might be. Wish I had said nothing though.
244	6514	03.08.2023 15:30:14 UTC-05:00	Exactly, should have refrained from typing earlier maybe.
245	6516	03.08.2023 15:33:50 UTC-05:00	I saw that you guys got really really far already.
246	6517	03.08.2023 15:34:24 UTC-05:00	Actually, the hardest part is done.
247	6662	04.08.2023 19:46:47 UTC-05:00	"""Globally supporting my generation"""
248	6969	06.08.2023 05:42:15 UTC-05:00	This may sound at little dramatic but if I suddenly can't answer you guys anymore, it was nice knowing you all ❤️.
249	6970	06.08.2023 05:43:46 UTC-05:00	Oh, and be careful of what you get yourselves into. 🤐
250	6972	06.08.2023 05:44:27 UTC-05:00	I'll not explain why.
251	6973	06.08.2023 05:44:39 UTC-05:00	The puzzle talks for me.
252	6975	06.08.2023 05:45:26 UTC-05:00	And don't worry, I'll just be here in the meanwhile 😘.
253	6991	06.08.2023 05:55:01 UTC-05:00	Not at all.
254	6996	06.08.2023 05:56:34 UTC-05:00	You know if you know.
255	7005	06.08.2023 06:22:27 UTC-05:00	It wasn't cryptic enough before?
256	7011	06.08.2023 07:05:33 UTC-05:00	I wish only for that the puzzle provided some exciting pieces of information. That others have learned something new and that for some it is simply entertaining. I hope that the person who connects the last pieces for the 'main price' will thus get its hands on the private key and hold or spend it wisely, but mostly enjoy it. And lastly, I hope to witness the day that the last scene of mr. Robot becomes a reality.
257	7012	06.08.2023 07:05:51 UTC-05:00	In the eye of the beholder, for sure 😊.
258	7014	06.08.2023 07:09:27 UTC-05:00	Technically my friends and family can get to all my data if they'd work together. In that scenario, don't expect a halving of the price.
259	7016	06.08.2023 07:11:19 UTC-05:00	Hahaha good one. I thought of a 24h Killswitch, but nah. Can't be bothered :D! Instead.
260	7018	06.08.2023 07:12:13 UTC-05:00	"Probably the last hint: /  / Once you hit a ""ying yang"", you'll be able to solve it the same day."
261	7020	06.08.2023 07:13:30 UTC-05:00	Chance is small though. Merely an fyi, bit dramatic as stated earlier.
262	7022	06.08.2023 07:14:54 UTC-05:00	Both?
263	7026	06.08.2023 07:19:07 UTC-05:00	No need. You have all the info.
264	7027	06.08.2023 07:19:16 UTC-05:00	Good to see you again btw.
265	7030	06.08.2023 07:20:13 UTC-05:00	No hints 🤡
266	7034	06.08.2023 07:21:07 UTC-05:00	My hat off to you, and you know why 🫡.
267	7035	06.08.2023 07:21:37 UTC-05:00	Only fair ones. And to everyone.
268	7040	06.08.2023 07:43:54 UTC-05:00	To answer your question 'fully', from here on, high likely no hints anymore. But if somehow you all can't solve it from here in the next few years (which I deem unlikely given the state of the solving process), then I might feel the need to give an additional hint, as I couldn't happily live with the idea that some would think that this was a scam. Note, that I hope not to have to give another hint as it would probably be a give away. Good luck to you all!
269	7045	06.08.2023 07:49:59 UTC-05:00	Something was solved rather... remarkable.
270	7047	06.08.2023 07:53:56 UTC-05:00	Partly.
271	7049	06.08.2023 07:56:02 UTC-05:00	I won't!
272	7050	06.08.2023 08:00:38 UTC-05:00	Ok, although I somehow feel the need to have my eyes at this chat all for sudden it's time for me to shut up again and see my little ones play in an obstacle parc here on France. Ciao!
273	7054	06.08.2023 12:23:44 UTC-05:00	I have no clue.
274	7056	06.08.2023 13:39:34 UTC-05:00	Correct. Well, technically, you'll need the internet to claim the prize in the end 🤔.
275	7318	11.08.2023 00:52:53 UTC-05:00	Hi all, getting quite some DM's which is fine, just know that I'm traveling the next coming days ✌️!
276	7319	11.08.2023 00:53:25 UTC-05:00	"And I usually answer with ""no hints""."
277	7754	18.08.2023 08:24:12 UTC-05:00	😳 how?
278	7755	18.08.2023 08:25:35 UTC-05:00	Hi all. I'm on holiday btw. I might not answer DMs.
279	9149	23.08.2023 14:43:21 UTC-05:00	Note that I get quite some puzzle DMs. I've become used to just say 'no hints'.. (sorry for that).
280	9719	29.08.2023 13:06:07 UTC-05:00	Correct
281	12194	28.09.2023 11:13:32 UTC-05:00	I'm ok! ♥️
282	12196	28.09.2023 11:14:24 UTC-05:00	Sorry for not answering. I've just been trying not to live in my phone, as that has become a habit the last 20 years of my life.
283	12198	28.09.2023 11:16:21 UTC-05:00	Still on holiday 😅. In the Caribbean currently. It's lovely here. I see some spam complaints, also sorry for that. Everyone ok besides that?
284	12201	28.09.2023 11:19:30 UTC-05:00	Thanks!!!
285	12986	17.11.2023 07:50:24 UTC-05:00	Hello there, are we all still having fun?
286	12987	17.11.2023 07:51:43 UTC-05:00	I received some DMs, I thought I'd say hi ✌️. I'm ok, apologies for not being here on a daily basis.
287	13038	24.11.2023 09:05:13 UTC-05:00	"There's a question multiple people have asked me. ""Given the available knowledge, is internet still required to solve it?"" /  / Nope"
288	13991	26.12.2023 12:13:51 UTC-05:00	Heeeeelllloooooooo
289	13992	26.12.2023 12:14:06 UTC-05:00	Happy Christmas all ❤️
290	13995	26.12.2023 12:15:02 UTC-05:00	Hahahaha that meme, love it
291	13996	26.12.2023 12:15:42 UTC-05:00	Any spammers I have to ban?
292	13998	26.12.2023 12:27:27 UTC-05:00	Have you tried the purple pill already?
293	14000	26.12.2023 12:28:12 UTC-05:00	Candy flipping into 2024 ;-)
294	15602	26.01.2024 12:13:57 UTC-05:00	~2000 new messages, great. You all doing ok?
295	15606	26.01.2024 12:21:46 UTC-05:00	Regular Bitcoin Private key
296	15607	26.01.2024 12:22:04 UTC-05:00	🤐
297	17781	26.03.2024 05:41:13 UTC-05:00	I'm not really here, just checking if you folks are still alive and kicking. ✌️
298	17784	26.03.2024 05:42:36 UTC-05:00	For all those DM'ing me, the answer to your question is probably NO or YES. I decided not to answer any puzzle questions anymore. If there will be a hint (ever). It will be here.
299	17785	26.03.2024 05:43:04 UTC-05:00	IT'S OK, I FORGOT THAT IT'S CAPS TUESDAY.
300	17788	26.03.2024 05:46:40 UTC-05:00	Yeah, being lost is a common aspect of being on this planet I guess, or at least when tempering with rabbit holes.
301	17789	26.03.2024 05:47:53 UTC-05:00	Btw, for those with the heartwarming words. Many thanks ❤️.
302	17793	26.03.2024 05:49:08 UTC-05:00	Please understand that I get multiple of these questions on a daily basis..
303	17794	26.03.2024 05:50:02 UTC-05:00	There are investment institutions for this. Requesting money for a solid idea is not that difficult.
304	17797	26.03.2024 05:52:11 UTC-05:00	Yes. Some if you might soon be drinking it probably.
305	17798	26.03.2024 05:53:04 UTC-05:00	Seems puzzlers are decent people ;-).
306	17800	26.03.2024 05:55:39 UTC-05:00	Ask Claude-3 for the best approach maybe?
307	17802	26.03.2024 05:56:29 UTC-05:00	Understandable
308	17804	26.03.2024 05:57:09 UTC-05:00	Does it come close to Claude and gpt?
309	17815	26.03.2024 09:40:01 UTC-05:00	Technically yes but Nope.
310	17816	26.03.2024 09:40:38 UTC-05:00	And hi, you're hallucinating. Is it the mescaline?
311	17818	26.03.2024 09:41:41 UTC-05:00	😉
312	17821	26.03.2024 12:05:05 UTC-05:00	I prefer superpositions 😉.
313	17824	26.03.2024 12:23:03 UTC-05:00	You're doing fine.
314	17852	27.03.2024 11:41:56 UTC-05:00	Sqaures and a rabbit?
315	18450	10.04.2024 13:21:30 UTC-05:00	1357 blocks to go
316	18812	17.04.2024 06:02:00 UTC-05:00	I received some complaints about insulting behavior. /  / May it be obvious that it's not acceptable. /  / Please refrain from doing so, or I have to get the banhammer out of the drawer of either slap someone with a large trout. /  / Please be nice ❤️.
317	18813	17.04.2024 06:03:03 UTC-05:00	Happy countdown everyone ✌️!
318	18928	19.04.2024 19:08:44 UTC-05:00	Ha, we lost one 'puzzler'.
319	18929	19.04.2024 19:10:14 UTC-05:00	Seemed like a nice moment to get the ban hammer out of the drawer.
320	18931	19.04.2024 19:10:43 UTC-05:00	Happy halving everyone!
321	18932	19.04.2024 19:15:48 UTC-05:00	For those that still haven't solved the puzzle. There are few prizes to win besides the banter in this chat. A private key, some 'obscure' intel, or what I hope most of you have discovered by now, the most obvious reason to make sure you hold on to Bitcoin 😉.
322	18933	19.04.2024 19:15:54 UTC-05:00	✌️
323	18940	19.04.2024 19:29:57 UTC-05:00	16$ fee. Damn. /  / Well, anyway, see you in 4 years! Good luck you all.
324	18941	19.04.2024 19:31:10 UTC-05:00	Me? No. Don't know that guy.
325	18949	19.04.2024 20:34:10 UTC-05:00	I should.
326	18951	19.04.2024 20:35:15 UTC-05:00	Challenge accepted.
327	19798	06.06.2024 03:16:00 UTC-05:00	Crazy No hint Thursday, every Friday!
328	19805	07.06.2024 05:10:08 UTC-05:00	An active one.
329	20020	11.07.2024 14:29:17 UTC-05:00	None planned.
330	20340	30.08.2024 04:21:04 UTC-05:00	It indeed set to private. I haven't opened tg for a while so I guess it wasn't from my side 🫤.
331	20628	19.09.2024 02:20:23 UTC-05:00	I simply liked Jacque's ideas a lot. I have techy friends building communities around that idea today; I haven't invested much time into it as I should myself. But in the coming years I move to a place where that becomes a possibility.
332	21212	21.10.2024 14:03:09 UTC-05:00	I know a Matthew, and if he knows a Roberto, it's likely the same one and a very smart guy. 😉
333	21214	21.10.2024 14:03:34 UTC-05:00	Hi all! Everyone still happy?
334	21235	21.10.2024 14:06:58 UTC-05:00	Nice! Chilling under artificial stars, clearing up disks.
335	25241	29.11.2024 04:56:10 UTC-05:00	In that case I'll show, as I don't have much talent.
336	25242	29.11.2024 04:56:39 UTC-05:00	Hello everyone, still having fun :-)?
337	25244	29.11.2024 04:57:24 UTC-05:00	I was told this group could use some moderation.
338	25247	29.11.2024 04:59:41 UTC-05:00	If wallet != empty, puzzle not solved. /  / (Most likely).
339	25249	29.11.2024 05:00:19 UTC-05:00	That was indeed the plan.
340	25266	29.11.2024 05:13:16 UTC-05:00	If at all, a very bad one. Not even worth the title of skid. Although, as you might have guessed, I've seen some 'security' places 'protecting' our digital realms.
341	25268	29.11.2024 05:15:17 UTC-05:00	"Haven't interacted with a terminal in a while. ""But what can you do without a cpu?"", touch grass it is."
342	25271	29.11.2024 05:17:21 UTC-05:00	Hint? Hint? Heh, what craziness are you talking about? There is no hint.
343	25278	29.11.2024 05:20:59 UTC-05:00	🤐
344	25284	29.11.2024 05:28:47 UTC-05:00	At this point, I don't know what to hint, without ruining it for those that might find it. If you guys got 1 microstep further, the puzzle will likely be solved the same day. /  / I could come up with some empty cryptic bs hint, but that would be lame too. /  / And in the end, good puzzles don't need hints, hence this puzzle appears to be a tiny bit shitty sometimes.
345	25285	29.11.2024 05:29:20 UTC-05:00	No clue Friday. / Every Saturday.
346	25294	29.11.2024 05:39:33 UTC-05:00	Oh, and before I forget, apologies for not answering any DMs, don't take it personal. /  / I mainly got tired of answering with either 'no hints', or listening to sad stories about family, or kids with severe health problems, hoping to obtain a hint, all day every day.
347	25300	29.11.2024 05:42:55 UTC-05:00	I saw that @qv8du3ne8s9 [https://t.me/qv8du3ne8s9] 😂
348	25312	29.11.2024 05:47:19 UTC-05:00	I think I'll be going for ASCII 127 myself. But not overly dramatic.
349	25337	29.11.2024 05:57:33 UTC-05:00	I think I'm fine - gladly I don't feel that weird anxiety anymore. However, I do expect that in about 18 years my government might have to notify me that I've been 'under investigation' for a while. But don't worry about me; me, family and friends are doing great!
350	25340	29.11.2024 05:58:58 UTC-05:00	This is so true. I must say, with that in mind, it makes typing any message here a bit more challenging.
351	25342	29.11.2024 06:00:25 UTC-05:00	Admins
352	25354	29.11.2024 06:02:00 UTC-05:00	Happiness.
353	25366	29.11.2024 06:06:24 UTC-05:00	You only need the last number of pi and it might get you somewhere.
354	25381	29.11.2024 06:13:47 UTC-05:00	I already have gray hair unfortunately.
355	25383	29.11.2024 06:15:34 UTC-05:00	Maybe Bryan Johnson has an answer for my hair.
356	25387	29.11.2024 06:20:19 UTC-05:00	Pimeyes leads me to a festival thingy in the Netherlands. Is this a puzzle?
357	25391	29.11.2024 06:23:12 UTC-05:00	Not sure why but I suppose it doesn't affect the puzzle.
358	25393	29.11.2024 06:25:31 UTC-05:00	Could be, it has been years and we had a few FE guys working on it.
359	25397	29.11.2024 06:28:41 UTC-05:00	Yeah, what can I say? In a way, it's a pretty smart by mr Sailor, and Bitcoin is built to withstand this shenanigans anyway.
360	25399	29.11.2024 06:29:55 UTC-05:00	Yeah NAD is great.
361	25403	29.11.2024 06:30:33 UTC-05:00	I only take ~80 supplements daily, nothing crazy 😅.
362	25407	29.11.2024 06:32:02 UTC-05:00	Blueprint is sort of the leading list at this point.
363	25411	29.11.2024 06:34:04 UTC-05:00	I mean, if you guys don't solve it anytime soon I'll have to try and stay alive till the year 2145.
364	25416	29.11.2024 06:37:27 UTC-05:00	I explain them a lot but I don't want them to know about BTC yet, having this unhealthy fear for btc kidnapping.
365	25420	29.11.2024 06:39:50 UTC-05:00	Enjoying life, mostly 😉.
366	25433	29.11.2024 06:47:44 UTC-05:00	Yeah, heard this argument before. Haven't used it myself for years. Bryan is a bit.. extreme, and his team of doctors probably concluded that it's good for him. Also, there aren't many studies that have concluded that long term low dose usage would do any damage. /  / In the end there's no perfect static setup, as we're all a bit different.
367	25440	29.11.2024 06:51:05 UTC-05:00	Another doctor in my room states that these are indeed the typical puzzle doctors 😉.
368	25447	29.11.2024 06:54:17 UTC-05:00	Already better than many doctors... especially for discovering very unlikely cases.
369	25459	29.11.2024 07:03:37 UTC-05:00	I'd quit that if you want quality sleep. I used it so much, my body can't deal with it anymore. After a week or 2 you'll start dreaming again.
370	25462	29.11.2024 07:05:46 UTC-05:00	Ah sorry, I missed that. I used a gram daily, for years. 😅
371	25464	29.11.2024 07:06:39 UTC-05:00	🫡
372	25465	29.11.2024 07:13:43 UTC-05:00	Ok, I'm off people 👻. Be good, stay healthy, stack sats and enjoy life.  /  / Ciao! /  / And good luck Admins! (And many thanks in advance, please be fair 😉).
373	30777	28.04.2025 11:45:47 UTC-05:00	You people are still having fun I see.
374	30783	28.04.2025 11:48:07 UTC-05:00	Ah, no hints? Ok, that's also fine.
375	30789	28.04.2025 11:51:05 UTC-05:00	I have to say, that touching grass thingy is pretty nice.
376	30791	28.04.2025 11:52:50 UTC-05:00	Yeah, tricky question. You can try to time it (I stopped doing that), but if you understand the puzzle you'll discover that I'd suggest btc only, and don't gamble.
377	30800	28.04.2025 11:55:14 UTC-05:00	"I was hinted when eth was 2$. Saw the ""DAO"" unfold live in front of my eyes with 8000 holders on slack; was allowed to double my eth with all the left over etc, and then swap it to btc. Good old times."
378	30802	28.04.2025 11:56:14 UTC-05:00	If I'd ever take the funds (I won't), I wouldn't even tell the answer 😈.
379	30804	28.04.2025 11:57:17 UTC-05:00	Did anyone found yingyang? I don't think so, you guys are so smart, when yingyang is reached, 2 hours max.
380	30809	28.04.2025 11:58:50 UTC-05:00	Im with alcohol, dont blame me for more typos.
381	30812	28.04.2025 11:59:29 UTC-05:00	Alcohol, and answering this chat go hand in hand somehow.
382	30814	28.04.2025 12:00:26 UTC-05:00	Que?
383	30817	28.04.2025 12:01:36 UTC-05:00	It’s the next phase, but I await the day someone finally gets there.
384	30821	28.04.2025 12:02:46 UTC-05:00	"Ok, the ""better half"" is hungry. Which means I'm off 🤗"
385	38731	15.09.2025 21:24:36 UTC-05:00	Yes
386	38732	15.09.2025 21:24:52 UTC-05:00	Carrots were originally purple, until the Dutch turned them orange in the 1600s to kiss up to their royal family.
387	42080	31.12.2025 22:15:02 UTC-05:00	.
388	42081	31.12.2025 22:16:15 UTC-05:00	..
389	42082	31.12.2025 22:17:05 UTC-05:00	...
390	42083	31.12.2025 22:18:07 UTC-05:00	....
391	42084	31.12.2025 22:19:05 UTC-05:00	.....
392	42085	31.12.2025 22:20:03 UTC-05:00	01001000 01100001 01110000 01110000 01111001 00100000 01101110 01100101 01110111 00100000 01111001 01100101 01100001 01110010 00100001 00100000 01001101 01100001 01101011 01100101 00100000 01110100 01101000 01100101 00100000 01100010 01100101 01110011 01110100 00100000 01101111 01100110 00100000 01100101 01110110 01100101 01110010 01111001 01110100 01101000 01101001 01101110 01100111 00101110 00100000 01001111 01101000 00101100 00100000 01100001 01101110 01100100 00100000 01101000 01100101 01110010 01100101 00100111 01110011 00100000 01100001 00100000 00100010 01110100 01101001 01101110 01111001 00100000 01101000 01101001 01101110 01110100 00100010 00100000 00111100 00110011 00101110
393	47633	03.03.2026 20:11:55 UTC-05:00	👆🫡
394	47634	03.03.2026 20:12:28 UTC-05:00	Hi all 👋🏻
395	47637	03.03.2026 20:17:02 UTC-05:00	No hints , only free will. One of the few things I somehow strugle to fully accept albeit that science is currently not on the deterministic side if I'm not mistaken.
396	47640	03.03.2026 20:18:06 UTC-05:00	Everyone still having fun?
397	47646	03.03.2026 20:19:39 UTC-05:00	Jacque was quite an inspiring lad I'd say.
398	47650	03.03.2026 20:21:38 UTC-05:00	It's kinda of a pvp zone here. Sort of a rust server with both nice and toxic units.
399	47654	03.03.2026 20:22:42 UTC-05:00	Maybe, Cartman's quote about chatroulette fits too.
400	47655	03.03.2026 20:23:27 UTC-05:00	🤐
401	47657	03.03.2026 20:27:00 UTC-05:00	Looks at gnomad. 👀
402	47660	03.03.2026 20:29:05 UTC-05:00	Bingo
403	47662	03.03.2026 20:30:47 UTC-05:00	I only need to look at the address. If any of you reaches the next phase, the price is taken in no-time.
404	47664	03.03.2026 20:31:09 UTC-05:00	🤷‍♂️
405	47666	03.03.2026 20:32:01 UTC-05:00	I suppose that could get you far in real life.
406	47670	03.03.2026 20:33:52 UTC-05:00	Before I forget. For those who DM me, my apologies for not answering - or only rarely. Nothing personal ❤️.
407	47672	03.03.2026 20:35:22 UTC-05:00	I'm going to rewatch episode 3.5 with  the better half.
408	47674	03.03.2026 20:36:04 UTC-05:00	Nope. You're not the first to ask.
409	47675	03.03.2026 20:37:14 UTC-05:00	Cheers all, good luck again 👋🏻!
410	50334	28.05.2026 06:41:02 UTC-05:00	Ah, ofcourse. The puzzle is still valid!
411	50340	28.05.2026 08:34:18 UTC-05:00	🫡🥳
