ordinal	global_index	date	sender	text_one_line
1	35	20.04.2019 11:18:49 UTC-05:00	Jrk Bgrt	Ok.. somebody has cracked the first code.
2	36	20.04.2019 11:19:00 UTC-05:00	Jrk Bgrt	that was way faster than expected.
3	38	20.04.2019 11:21:57 UTC-05:00	Jrk Bgrt	The first part. Maybe the puzzle has multiple stages 😉.
4	40	20.04.2019 11:22:36 UTC-05:00	Jrk Bgrt	It is.
5	46	20.04.2019 11:41:14 UTC-05:00	Jrk Bgrt	It's a way to protect websites against cross site request forgery but the loadbalancer is a bitch on multiple tries apparently.
6	144	22.04.2019 09:28:08 UTC-05:00	Jrk Bgrt	wrong chat RKT [] 😊
7	148	22.04.2019 09:39:49 UTC-05:00	Jrk Bgrt	😂
8	155	22.04.2019 14:48:52 UTC-05:00	Jrk Bgrt	5ac407837447fba24ba2802e4d1e9aecb4580aa29fef1088cc387c180b746f75
9	156	22.04.2019 14:49:09 UTC-05:00	Jrk Bgrt	just try hit your options against that hash.
10	159	22.04.2019 16:24:17 UTC-05:00	Jrk Bgrt	Puzzle token issue for stage 1 seems to be resolved.
11	162	22.04.2019 16:26:42 UTC-05:00	Jrk Bgrt	https://passwordsgenerator.net/sha256-hash-generator/
12	164	22.04.2019 16:26:51 UTC-05:00	Jrk Bgrt	or just get yourself a python script
13	167	22.04.2019 16:28:13 UTC-05:00	Jrk Bgrt	a sticker
14	184	22.04.2019 17:29:02 UTC-05:00	Jrk Bgrt	A hash which we provided as the website was giving a lot of token errors. With this hash the puzzlers can try their passwords instead of firing them at the website.
15	231	23.04.2019 13:57:51 UTC-05:00	Jrk Bgrt	Ewout managed to crack the april 1st puzzle. He was the first to solve it.
16	386	27.04.2019 10:46:58 UTC-05:00	Jrk Bgrt	hahahaha :D
17	387	27.04.2019 10:47:07 UTC-05:00	Jrk Bgrt	back to the pile!
18	405	29.04.2019 17:35:29 UTC-05:00	Jrk Bgrt	I personally don't mind you talkinig in another language in  this chat tbh although I do prefer english to be the standard language as I assume most of us will be able to follow the conversations. The main chat of GSMG is english only.
19	502	08.05.2019 08:20:21 UTC-05:00	Jrk Bgrt	Apparently somebody managed to get into Phase 3 🧐
20	505	08.05.2019 08:34:39 UTC-05:00	Jrk Bgrt	Nobody knows
21	661	14.05.2019 09:49:49 UTC-05:00	Jrk Bgrt	👌
22	662	14.05.2019 09:51:40 UTC-05:00	Jrk Bgrt	Quests might* be scams. We didn't promote this puzzle nor is it unsolvalble. Please enjoy the puzzle or continue your journey.
23	666	14.05.2019 09:53:59 UTC-05:00	Jrk Bgrt	Sure, once it's solved.
24	669	14.05.2019 10:01:11 UTC-05:00	Jrk Bgrt	I suppose the btc price will be above 10k at the next halving.
25	674	17.05.2019 17:39:21 UTC-05:00	Jrk Bgrt	Dear all, somebody pointed out that there might be a mistake in phase III and that is correct unfortunately. The mistake makes it nearly impossible to solve unless you'd know where to add 1 extra character between the 3 answers. My sincerest apologies for this, I'll fix this a soon as I've found a decent spot to do so as I'm on holiday atm. Again, 1000 times sorry, I'm aware I might have wasted a lot of time for some :-(...
26	675	17.05.2019 17:43:46 UTC-05:00	Jrk Bgrt	Here's the hint in order to bypass the mistake: \n  \n giveit = givetit
27	677	17.05.2019 19:04:04 UTC-05:00	Jrk Bgrt	Correct.
28	678	17.05.2019 19:15:22 UTC-05:00	Jrk Bgrt	For those feeling bad about having wasted time on my typo. I might feel even worse as I've tested the entire puzzle 3 times with the same string which had the typo in it 😒. I'll kill some braincells tonight with tasteless alcohol in order to forget this blunder.
29	681	17.05.2019 21:30:08 UTC-05:00	Jrk Bgrt	The issue is within the 3th phase. Not in going from 2 to 3.
30	682	17.05.2019 21:30:34 UTC-05:00	Jrk Bgrt	Once you have to work with give(t)it you'll know.
31	683	18.05.2019 11:26:26 UTC-05:00	Jrk Bgrt	"So, after yesterday's 'hint' a team of puzzlers has made an unbelievable amount of progress in just one day... The progress they made was unforseen as we expected it to take at least a !month! to pass those parts of the puzzle. Hat off for those that managed to puzzle their way through all the ciphers and riddles in this extraordinary pace. We're really impressed by that, actually, we stand in awe for you. Congrats. \n  \n To those not having reached Phase III yet, no worries besides a bit of extra pressure. The ""last"" part of the puzzle will ensure that there's quite some time for you guys to catch up to them... although given their obvious skill this might be solved quicker than expected aswell.. time will tell. Good luck!"
32	685	18.05.2019 11:31:02 UTC-05:00	Jrk Bgrt	In case the private key hasn't been found in 2019 we'll release a tiny hint at the start of 2020, that will be the final hint. Can the private key be retrieved without that hint? Yes.
33	689	18.05.2019 11:49:27 UTC-05:00	Jrk Bgrt	Nope
34	690	18.05.2019 11:50:17 UTC-05:00	Jrk Bgrt	Part III consist out of a few stages. The last few stages are, how shall I say it, not really easy to solve for most.
35	699	18.05.2019 12:10:46 UTC-05:00	Jrk Bgrt	No, they reaced out to me on tg and send me proof of them passing the stages.
36	701	18.05.2019 12:13:29 UTC-05:00	Jrk Bgrt	No hints after stage 2 (except the 't' to fix my stupid mistake)
37	733	26.05.2019 19:25:10 UTC-05:00	Jrk Bgrt	Not completely, voice recognition might even work to pass although I'd copy past the answer as it's faster ;-).
38	735	26.05.2019 22:20:49 UTC-05:00	Jrk Bgrt	Ok you found a song. Do have a clue on how to proceed on the webpage?
39	741	28.05.2019 11:45:40 UTC-05:00	Jrk Bgrt	Nobody knows.
40	755	31.05.2019 10:02:28 UTC-05:00	Jrk Bgrt	Now we need a bot here too
41	762	31.05.2019 10:27:49 UTC-05:00	Jrk Bgrt	shitcoin
42	763	31.05.2019 10:27:53 UTC-05:00	Jrk Bgrt	😉
43	764	31.05.2019 10:28:01 UTC-05:00	Jrk Bgrt	Well.... yes
44	765	31.05.2019 10:28:28 UTC-05:00	Jrk Bgrt	Apparently folks found a new piece.
45	768	31.05.2019 10:29:13 UTC-05:00	Jrk Bgrt	Almost banned for spam 😋
46	771	31.05.2019 10:32:29 UTC-05:00	Jrk Bgrt	/daysandbox_set [] safe_hours=720
47	937	27.06.2019 16:38:51 UTC-05:00	Jrk Bgrt	🌱
48	938	27.06.2019 16:39:32 UTC-05:00	Jrk Bgrt	🛣
49	1079	10.08.2019 11:50:10 UTC-05:00	Jrk Bgrt	You'll only know when you've solved that part.
50	1098	04.09.2019 02:58:16 UTC-05:00	Jrk Bgrt	Still no hints ;-)
51	1106	22.09.2019 17:55:01 UTC-05:00	Jrk Bgrt	Found it by now?
52	1110	22.09.2019 18:00:48 UTC-05:00	Jrk Bgrt	7 parts right?
53	1126	26.09.2019 10:35:24 UTC-05:00	Jrk Bgrt	There may indeed a piece be found outside the main puzzle.
54	1160	13.10.2019 13:38:53 UTC-05:00	Jrk Bgrt	Gsmg.io/puzzle
55	1197	31.10.2019 20:53:04 UTC-05:00	Jrk Bgrt	Sure, what's the hint?
56	1205	03.12.2019 12:55:55 UTC-05:00	Jrk Bgrt	giveit = givetit
57	1228	31.12.2019 05:30:23 UTC-05:00	Jrk Bgrt	Hahaha, you're on it. Not an exact time, but it will be posted in this channel. It's at the start of 2020 indeed, way before the halving.
58	1229	31.12.2019 05:33:29 UTC-05:00	Jrk Bgrt	To all you peepz in advance: have a blast in the last part of 2019 and have an even better 2020. Best wishes to you all and good luck with the next puzzle piece(s) in case you manage to find them 😉!
59	1232	04.01.2020 20:01:19 UTC-05:00	Jrk Bgrt	Anybody hungry?
60	1235	04.01.2020 20:01:54 UTC-05:00	Jrk Bgrt	No, it's a dessert
61	1242	04.01.2020 20:06:01 UTC-05:00	Jrk Bgrt	Note: I might be in a trolling mood.
62	1255	12.01.2020 15:52:32 UTC-05:00	Jrk Bgrt	👆
63	1275	13.01.2020 11:40:54 UTC-05:00	Jrk Bgrt	Hint to be expected within a few days. Note: not trolling with scripted cake this time.
64	1282	14.01.2020 05:38:06 UTC-05:00	Jrk Bgrt	Roses are White but often Red. \n Yellow has a number and so does Blue. \n Go back to the first puzzle piece without further ado. \n  \n It might have shown you only one door, beware that the rabbits nest may contain a whole lot more. \n  \n Hush hush.
65	1283	14.01.2020 05:38:49 UTC-05:00	Jrk Bgrt	Good luck 👍
66	1288	27.01.2020 10:21:35 UTC-05:00	Jrk Bgrt	Might have been fixed fyi 👆
67	1290	27.01.2020 11:00:04 UTC-05:00	Jrk Bgrt	Would be nice, not required
68	1298	20.02.2020 10:31:58 UTC-05:00	Jrk Bgrt	😎
69	1307	21.02.2020 08:03:21 UTC-05:00	Jrk Bgrt	I'm not the esthetician when it comes to coding 😉
70	1310	22.02.2020 10:19:41 UTC-05:00	Jrk Bgrt	👋
71	1322	22.02.2020 10:32:30 UTC-05:00	Jrk Bgrt	Solutions for the first stages can be found online.
72	1324	22.02.2020 10:32:52 UTC-05:00	Jrk Bgrt	The quickest brain did it within 2 hours if I remember correctly.
73	1326	22.02.2020 10:34:10 UTC-05:00	Jrk Bgrt	Don't know
74	1350	22.02.2020 11:11:52 UTC-05:00	Jrk Bgrt	Typos: Horrible mistakes due to rushed work. I'm 100% to blame for this noobish display of words. No clues to be found in those typos might you wonder 😉.
75	1375	22.02.2020 15:30:18 UTC-05:00	Jrk Bgrt	Only -41,-17 matters
76	1416	25.02.2020 07:45:53 UTC-05:00	Jrk Bgrt	Not sponsored, just see it as a side quest
77	1518	25.02.2020 13:04:46 UTC-05:00	Jrk Bgrt	You are right
78	1526	25.02.2020 13:07:05 UTC-05:00	Jrk Bgrt	FA please soften the communication. I like enthusiasm, but don't bring down the vibe. A lot of very smart people have been on this puzzle and put in a lot more effort than 1 can do in a month. Some puzzlers amazed me by being so incredibly fast in some stages.
79	1528	25.02.2020 13:07:19 UTC-05:00	Jrk Bgrt	3.2 is a thing btw
80	1532	25.02.2020 13:09:10 UTC-05:00	Jrk Bgrt	Or nobody found the direction
81	1535	25.02.2020 13:09:39 UTC-05:00	Jrk Bgrt	But I should shut up ofcourse 😁
82	1538	25.02.2020 13:10:30 UTC-05:00	Jrk Bgrt	I'd dive in the puzzle from the beginning before making assumptions
83	1539	25.02.2020 13:11:01 UTC-05:00	Jrk Bgrt	A few guys here cracked phase 2 in 2 days.
84	1541	25.02.2020 13:15:01 UTC-05:00	Jrk Bgrt	Don't know but most see 3.2 as the last part.
85	1581	25.02.2020 13:38:52 UTC-05:00	Jrk Bgrt	😂😂😂
86	1584	25.02.2020 13:40:01 UTC-05:00	Jrk Bgrt	Just spend less time here fishing for clues and solve 🧐
87	1675	27.02.2020 11:06:27 UTC-05:00	Jrk Bgrt	Nice and silent
88	1676	27.02.2020 11:06:41 UTC-05:00	Jrk Bgrt	Damn so annoying
89	1678	27.02.2020 11:07:09 UTC-05:00	Jrk Bgrt	He'll be back
90	1692	16.03.2020 08:13:31 UTC-05:00	Jrk Bgrt	Yeah we might want to push the English only rule here too ;-)
91	2223	24.03.2020 19:19:39 UTC-05:00	Jrk Bgrt	Interesting 😜
92	2228	24.03.2020 20:02:42 UTC-05:00	Jrk Bgrt	Answering that would be too much of a hint.
93	2236	24.03.2020 20:22:40 UTC-05:00	Jrk Bgrt	There must at least be something hidden in there.
94	2498	06.04.2020 07:12:03 UTC-05:00	Jrk Bgrt	No hints 🤓
95	2546	08.04.2020 13:38:10 UTC-05:00	Jrk Bgrt	Those hints are the last hints. Although I can say that one team managed to find something... something others haven't yet found (unless they didn't tell us).
96	2548	08.04.2020 14:01:53 UTC-05:00	Jrk Bgrt	That would be another hint.
97	2550	08.04.2020 14:12:53 UTC-05:00	Jrk Bgrt	there are errors?
98	2553	08.04.2020 14:16:14 UTC-05:00	Jrk Bgrt	Before you send anything. No hints; errors and typos are mostly not intended 😄
99	2556	08.04.2020 14:27:23 UTC-05:00	Jrk Bgrt	"well, I'll just wait until you guys have progressed to ""the next stage or something like that""😁"
100	2572	08.04.2020 15:12:57 UTC-05:00	Jrk Bgrt	the backstage 😎
101	2576	08.04.2020 15:16:02 UTC-05:00	Jrk Bgrt	obviously a typo
102	2577	08.04.2020 15:17:30 UTC-05:00	Jrk Bgrt	Rushed work. I take all the blame there is for those 😞. My sincerest apologies.
103	2578	08.04.2020 15:17:43 UTC-05:00	Jrk Bgrt	Hope it hasn't spoiled the fun so far.
104	2580	08.04.2020 15:19:06 UTC-05:00	Jrk Bgrt	I can't even write without typo's. The intelligence is an illusion.
105	2582	08.04.2020 15:19:36 UTC-05:00	Jrk Bgrt	But thanks nevertheless.
106	2591	08.04.2020 15:27:08 UTC-05:00	Jrk Bgrt	Quite some typos have been changed already. The biggest blunder so far in the mainline of the puzzle was givetit instead of giveit 😩🔨
107	2593	08.04.2020 15:28:48 UTC-05:00	Jrk Bgrt	What impressed me most so far was that 1 crew even managed to pass it while the typo was unknown.
108	2597	08.04.2020 15:33:39 UTC-05:00	Jrk Bgrt	Humph. Hope, it is the quintessential human delusion, simultaneously the source of your greatest strength, and your greatest weakness.
109	2598	08.04.2020 15:33:48 UTC-05:00	Jrk Bgrt	(not a hint btw, just fooling around)
110	2602	08.04.2020 15:39:11 UTC-05:00	Jrk Bgrt	like 5 thousand milibitcoin...?
111	2608	08.04.2020 15:51:58 UTC-05:00	Jrk Bgrt	And Oen
112	2674	11.04.2020 14:52:20 UTC-05:00	Jrk Bgrt	♟
113	2792	29.04.2020 12:18:49 UTC-05:00	Jrk Bgrt	👆
114	2996	11.05.2020 12:07:48 UTC-05:00	Jrk Bgrt	Invest it in bitconnect.
115	3011	11.05.2020 14:26:40 UTC-05:00	Jrk Bgrt	Well spotted
116	3012	11.05.2020 14:26:51 UTC-05:00	Jrk Bgrt	Happy halving!
117	3014	11.05.2020 14:31:00 UTC-05:00	Jrk Bgrt	It'll high likely be worth more than it once the price was 5 btc. Next halving in 209999
118	3031	11.05.2020 15:31:25 UTC-05:00	Jrk Bgrt	Let's see what bitcoin is worth the next halving and who knows what you'll find after opening the 2nd door. The price is in half, but what does it mean 🤔.
119	3140	20.05.2020 17:54:11 UTC-05:00	Jrk Bgrt	It is
120	3141	20.05.2020 18:36:55 UTC-05:00	Jrk Bgrt	This one 👆.
121	3143	20.05.2020 21:40:46 UTC-05:00	Jrk Bgrt	answer is there
122	3145	21.05.2020 01:12:59 UTC-05:00	Jrk Bgrt	First or zero
123	3180	23.05.2020 07:29:12 UTC-05:00	Jrk Bgrt	Thanks @EwoutM [https://t.me/EwoutM], I fell asleep.
124	3182	23.05.2020 08:40:20 UTC-05:00	Jrk Bgrt	/goodbye [] off
125	3183	23.05.2020 08:40:29 UTC-05:00	Jrk Bgrt	/cleanwelcome [] on
126	3194	23.05.2020 14:51:51 UTC-05:00	Jrk Bgrt	I have a purpose now. Buy a dosis of super covid-20 for every spammer.
127	3196	23.05.2020 14:53:42 UTC-05:00	Jrk Bgrt	Perfect
128	3197	23.05.2020 14:53:55 UTC-05:00	Jrk Bgrt	Make it very contagious please.
129	3200	23.05.2020 15:01:14 UTC-05:00	Jrk Bgrt	/lock [] audio bot button command contact document email emojigame forward game invitelink location phone poll rtl sticker url video videonote voice
130	3201	23.05.2020 15:01:44 UTC-05:00	Jrk Bgrt	😇
131	3210	24.05.2020 21:17:02 UTC-05:00	Jrk Bgrt	I think a computer would beat me in the turing test.
132	3312	30.06.2020 18:29:05 UTC-05:00	Jrk Bgrt	👆
133	3331	02.08.2020 11:54:57 UTC-05:00	Jrk Bgrt	Or the same puzzle, or just not at all 🤷‍♀.
134	3332	02.08.2020 11:56:20 UTC-05:00	Jrk Bgrt	Really nobody managed to find the extra door, didn't expect that after the earlier pace of cracking things.
135	3337	03.08.2020 07:46:06 UTC-05:00	Jrk Bgrt	A few here know
136	3343	03.08.2020 10:17:43 UTC-05:00	Jrk Bgrt	It's ok, more chance for those that aren't running. We said we'd do this from the start, no need to feel bad about this.
137	3352	09.08.2020 05:38:27 UTC-05:00	Jrk Bgrt	a private key
138	3369	10.08.2020 11:50:52 UTC-05:00	Jrk Bgrt	Cracking ethereum requires billions of ether.
139	3399	12.08.2020 08:10:55 UTC-05:00	Jrk Bgrt	Indeed remarkable with the hints stating the path pretty obvious...
140	3404	12.08.2020 13:22:59 UTC-05:00	Jrk Bgrt	No hints
141	3405	12.08.2020 13:23:21 UTC-05:00	Jrk Bgrt	There's 1 club that passed but they are stuck in the next phase.
142	3407	12.08.2020 14:18:55 UTC-05:00	Jrk Bgrt	Correct
143	3450	01.10.2020 07:41:56 UTC-05:00	Jrk Bgrt	I've just been notified that number 2 has made it to the next stage.
144	3560	27.10.2020 03:58:39 UTC-05:00	Jrk Bgrt	https://www.blockchain.com/btc/address/1GSMG1JC9wtdSwfwApgj2xcmJPAwx7prBe price is indeed still there.
145	3677	24.11.2020 13:02:48 UTC-05:00	Jrk Bgrt	We have our reasons halving the price money at every bitcoin halving event :-).
146	3679	24.11.2020 14:02:23 UTC-05:00	Jrk Bgrt	Who knows, maybe even in the same block.
147	3793	26.12.2020 06:54:18 UTC-05:00	Jrk Bgrt	Thanks
148	3881	07.01.2021 14:57:32 UTC-05:00	Jrk Bgrt	It'll be split on the next halving.
149	3884	07.01.2021 14:58:45 UTC-05:00	Jrk Bgrt	We mentioned this at the beginning, when the puzzle started.
150	3886	07.01.2021 14:59:38 UTC-05:00	Jrk Bgrt	Depends on the contestants' puzzle skills.
151	3891	07.01.2021 16:58:17 UTC-05:00	Jrk Bgrt	Tg channel
152	4139	18.01.2021 09:41:23 UTC-05:00	Jrk Bgrt	I can solemnly promise you I'm not using any other accounts besides my own.
153	4143	19.01.2021 13:12:59 UTC-05:00	Jrk Bgrt	"From now on no more begging for money in exchange for ""hints"". Doing so results in a ban. Measure in place due to many complaints."
154	4144	19.01.2021 13:14:14 UTC-05:00	Jrk Bgrt	This puzzle is supposed to be fun ✌️.
155	4150	19.01.2021 16:39:00 UTC-05:00	Jrk Bgrt	I'll offer free hints in PM. (After you've paid me 5.1 btc 🤡).
156	4151	19.01.2021 16:39:13 UTC-05:00	Jrk Bgrt	Good luck again.
157	4172	21.01.2021 06:35:49 UTC-05:00	Jrk Bgrt	Not to give any hints but a few might not require the internet anymore.
158	4366	01.03.2021 06:33:17 UTC-05:00	Jrk Bgrt	Ancient spelling 😅. One of the many many typos.
159	4372	01.03.2021 06:34:42 UTC-05:00	Jrk Bgrt	You are at the prime part already???
160	4375	01.03.2021 06:35:15 UTC-05:00	Jrk Bgrt	Oh wait, shouldn't have said that. That might have been a hint 🤔.
161	4388	01.03.2021 06:38:37 UTC-05:00	Jrk Bgrt	Rumour has it I'm an admin at least.
162	4626	05.03.2021 08:14:28 UTC-05:00	Jrk Bgrt	Those not enjoying the puzzle are the ones wasting time I guess 😅?
163	4633	05.03.2021 08:15:26 UTC-05:00	Jrk Bgrt	Infrared
164	4635	05.03.2021 08:15:45 UTC-05:00	Jrk Bgrt	No hints 🤡
165	4854	14.03.2021 01:58:08 UTC-05:00	Jrk Bgrt	Fyi. Another person (or team) made it to salph.
166	4858	14.03.2021 04:25:14 UTC-05:00	Jrk Bgrt	Nope
167	4860	14.03.2021 04:45:01 UTC-05:00	Jrk Bgrt	I don't check the website logs. There aren't any tracking scripts either. People somehow now how to reach me on telegram and PM me, that's how I know :-). Although I can't prove it, we don't monitor the puzzlers progress in any way. I just read the chat and when I notice the address is empty I'll know how they did it. After the first stage was cracked within no-time I was afraid the entire puzzle would have been solved not too long after that. When people progress in salphation it might be cracked pretty soon. Breaking salphation, should be giving the feeling of the phase's name. Won't be easy but I've noticed how clever most of you are so I assume it will be cracked at some point, probably before next halving.
168	4870	14.03.2021 10:19:29 UTC-05:00	Jrk Bgrt	I gave an unforseen hint already 🤷‍♂
169	4873	15.03.2021 02:16:26 UTC-05:00	Jrk Bgrt	Hush hush
170	4893	19.03.2021 06:07:55 UTC-05:00	Jrk Bgrt	If know about 3 people/teams.
171	4895	19.03.2021 06:19:59 UTC-05:00	Jrk Bgrt	4*
172	5044	22.03.2021 11:53:39 UTC-05:00	Jrk Bgrt	Nr 5 in salph
173	5091	24.03.2021 17:19:43 UTC-05:00	Jrk Bgrt	🤣
174	5159	27.03.2021 08:37:10 UTC-05:00	Jrk Bgrt	Maybe combine it with some psilocybe azurescens and mao inhibitors or go all  the way with some 5-MeO-DMT. 👀
175	5177	01.04.2021 01:57:38 UTC-05:00	Jrk Bgrt	"Hint: ""another door might be found on {1 },{4} ,{21}"""
176	5183	01.04.2021 03:34:22 UTC-05:00	Jrk Bgrt	Good one V ;-). (Assuming you played cyberpunk).
177	5196	01.04.2021 08:29:41 UTC-05:00	Jrk Bgrt	R=18 \n A=1 \n B=2 \n  \n Could also be 21 or 1812 bit 🧐. Sometimes I'm glad I don't have to solve this puzzle myself.
178	5225	01.04.2021 09:06:39 UTC-05:00	Jrk Bgrt	👆
179	5292	02.04.2021 15:18:22 UTC-05:00	Jrk Bgrt	I haven't deleted it. Not sure who, but I noticed some more messages are deleted from time to time.
180	5317	03.04.2021 10:51:32 UTC-05:00	Jrk Bgrt	Nobody knows
181	5318	03.04.2021 10:52:35 UTC-05:00	Jrk Bgrt	I've been pretending to be one of the few creators for a while now.
182	5338	06.04.2021 09:08:39 UTC-05:00	Jrk Bgrt	Some parts of cicada puzzles are still unsolved. Must be bad design.
183	5339	06.04.2021 09:09:36 UTC-05:00	Jrk Bgrt	If it were just about having fun, that'd be great wouldn't it :-).
184	5381	09.04.2021 14:46:38 UTC-05:00	Jrk Bgrt	✅
185	5397	10.04.2021 12:49:28 UTC-05:00	Jrk Bgrt	Fyi, another person or team reached salph today.
186	5498	16.04.2021 06:14:33 UTC-05:00	Jrk Bgrt	Blame noted and accepted
187	5501	16.04.2021 06:20:09 UTC-05:00	Jrk Bgrt	Deal, we'll take of 75% instead 😈.
188	5502	16.04.2021 06:21:12 UTC-05:00	Jrk Bgrt	https://www.bitcoinblockhalf.com/
189	5505	16.04.2021 06:33:32 UTC-05:00	Jrk Bgrt	I don't care who shares what indeed, too much of a hassle. As long as people enjoy and that the best puzzler gets the price I'm ok with a lot.
190	5518	16.04.2021 07:08:24 UTC-05:00	Jrk Bgrt	Good point
191	5601	18.04.2021 12:33:41 UTC-05:00	Jrk Bgrt	I suspect he isn't
192	5608	18.04.2021 13:24:13 UTC-05:00	Jrk Bgrt	Do you know what usually happens on the first of april?
193	5809	10.08.2021 15:51:12 UTC-05:00	Jrk Bgrt	Technically we do 😁
194	5811	11.08.2021 05:55:52 UTC-05:00	Jrk Bgrt	The one to be found by solving the puzzle yes
195	5813	11.08.2021 06:07:15 UTC-05:00	Jrk Bgrt	And the solver will find a way to 'decrypt' it.
196	5848	23.09.2021 18:38:41 UTC-05:00	Jrk Bgrt	https://blockchair.com/tools/halving-countdown
197	5851	24.09.2021 04:37:18 UTC-05:00	Jrk Bgrt	This was alcohol talking last night. The topic puzzle came up, and couldn't resist posting it 😅.
198	5853	24.09.2021 05:01:15 UTC-05:00	Jrk Bgrt	That's not mine
199	5863	31.10.2021 06:08:49 UTC-05:00	Jrk Bgrt	😅
200	5868	02.12.2021 22:41:18 UTC-05:00	Jrk Bgrt	There is \n Another \n D \n O \n O \n R
201	5869	02.12.2021 22:46:25 UTC-05:00	Jrk Bgrt	Remind me when it's Christmas.
202	5912	26.12.2021 15:11:26 UTC-05:00	Jrk Bgrt	Oh well, why not. A mini mini hint. Ready 🐰?
203	5914	26.12.2021 15:18:32 UTC-05:00	Jrk Bgrt	"The previous ""there is another door hint"" is still a thing. We're not sure if anyone has found another door so far, and we can't check that... We've seen prime numbers being mentioned; well, that is definitely an aspect which is required to proceed. Furthermore, along the way, some characters need to be 'zeroed out'.. Best of luck and happy holidays! 🥂"
204	5942	30.12.2021 19:39:11 UTC-05:00	Jrk Bgrt	...how did you found out?
205	5944	30.12.2021 19:42:43 UTC-05:00	Jrk Bgrt	That leaves me positively speechless
206	5946	30.12.2021 19:45:53 UTC-05:00	Jrk Bgrt	Rumour has it, it is was done before dawn.
207	5948	30.12.2021 19:46:44 UTC-05:00	Jrk Bgrt	This was stated after drinking dozers stuff.
208	5949	30.12.2021 19:47:07 UTC-05:00	Jrk Bgrt	😁
209	5954	31.12.2021 12:14:55 UTC-05:00	Jrk Bgrt	The only date I give away is the expiry date of neo's passport.
210	6028	25.05.2022 09:25:33 UTC-05:00	Jrk Bgrt	Looks like somebody found a gsmg subscription.
211	6056	01.06.2022 11:56:24 UTC-05:00	Jrk Bgrt	👽
212	6133	02.12.2022 07:14:53 UTC-05:00	Jrk Bgrt	It is meant to be solved.
213	6139	02.12.2022 07:36:36 UTC-05:00	Jrk Bgrt	There might be a hint coming but not too soon.
214	6141	02.12.2022 17:45:40 UTC-05:00	Jrk Bgrt	I'm not exactly sure how long it would take to discover that theory so I can't really tell 🤔.
215	6142	11.12.2022 10:30:38 UTC-05:00	Jrk Bgrt	.... That is very specific
216	6146	11.12.2022 10:33:20 UTC-05:00	Jrk Bgrt	If the puzzle is solved you'll see how scary specific that is 😂
217	6157	08.01.2023 23:52:11 UTC-05:00	Jrk Bgrt	@barrystyle [https://t.me/barrystyle], provided a very specific hint already.
218	6159	09.01.2023 05:10:46 UTC-05:00	Jrk Bgrt	At least prime number is very important to get any further.
219	6168	11.01.2023 03:46:17 UTC-05:00	Jrk Bgrt	Mini apologies for this Jeremy gif, couldn't help myself.
220	6170	11.01.2023 19:23:03 UTC-05:00	Jrk Bgrt	Rumour has it a new hint is to be expected within 2 months from now.
221	6176	12.01.2023 06:02:00 UTC-05:00	Jrk Bgrt	We obviously did this to have a chance at ending up in the Guinness Book for creating the lamest puzzle ever.
222	6179	12.01.2023 06:07:00 UTC-05:00	Jrk Bgrt	I checked a certain GitHub yesterday, for whoever set that up, nicely done. You guys are really getting close.
223	6180	12.01.2023 06:08:02 UTC-05:00	Jrk Bgrt	At least higher than sqrt(-1).
224	6181	12.01.2023 06:09:14 UTC-05:00	Jrk Bgrt	Focussing on the theory of everything is also still a valid path to reaching the private key.
225	6183	12.01.2023 06:10:54 UTC-05:00	Jrk Bgrt	An imaginary puzzle would.
226	6186	12.01.2023 06:15:46 UTC-05:00	Jrk Bgrt	Just be clear. My apologies for this puzzle not to be too easy. I'm aware it might appear unsolvable, but it's not. If you find the answer now, the remaining 2.5 btc is well deserved... Or 5, who knows.
227	6190	12.01.2023 11:05:16 UTC-05:00	Jrk Bgrt	Every btc halving the price will half too.
228	6194	12.01.2023 12:47:07 UTC-05:00	Jrk Bgrt	👆
229	6204	25.01.2023 09:59:19 UTC-05:00	Jrk Bgrt	42
230	6255	02.02.2023 09:47:18 UTC-05:00	Jrk Bgrt	I'm staying out of this one 😅
231	6262	23.02.2023 18:20:03 UTC-05:00	Jrk Bgrt	00100110 10100110 11001110 10010110 10110110 11110110 01001110 00001110 10011110 10000110 11101110 10000110 10100110 01101110 10010110 11100110 10100110 10101110 01001110 00101110 10000110 11001110 10010110 00001110 10100110 00101110 11001110 00101110 11001110 10000110 00110110 10011110 01001110 10100110 01101110 00101110 10010110 11100110 01110110 10010110 10100110 10100110 11001110 00101110 11110110 01110110 10100110 01001110 10101110 11110110 10011110 00101110 10101110 01000110 11001110 10100110 10011110 10100110 01001110 10101110 11110110 10011110 01100110 11110110 00101110 01110110 11110110 01001110 01100110 01110110 10010110 11001110 00101110 10010110 00100110 01001110 11110110 11101110 11001110 11001110 10000110 00001110 10100110 00010110 00101110 10011110 10000110 11101110 10000110 10100110 01101110 10010110 11100110 00101110 01110110 11110110 11101110 10100110 11101110 11100110 01110110 10000110 10011110 01110110 10010110 10011110 10100110 11000110 10010110 11110110 00010110 11000110 10010110 00010110 11000110 01001110 10000110 10100110 01001110 11110110 01100110 10100110 01000110 11001110 00100110 01001110 11110110 11101110 00101110 11001110 10000110 00110110 00101110 11001110 10010110 00110110 10110110 10101110 11001110 00011110 10010110 01001110 00101110 10000110 10110110 11001110 10100110 10110110 10010110 01001110 00001110 10100110 10101110 00110110 01000110 11101110 11110110 00110110 00110110 10100110 10011110
232	6279	03.03.2023 04:47:19 UTC-05:00	Jrk Bgrt	🐰
233	6286	07.04.2023 21:53:03 UTC-05:00	Jrk Bgrt	👆🤷‍♂
234	6294	14.04.2023 12:41:07 UTC-05:00	Jrk Bgrt	It can be solved, albeit very difficult as you have to understand how to interpret all the hints. Currently we are not planning to release any new hints soon.
235	6313	29.04.2023 16:19:45 UTC-05:00	Jrk Bgrt	😂
236	6316	02.05.2023 14:12:43 UTC-05:00	Jrk Bgrt	Still remarkable that scene. Especially the expiration date of his passport 😁.
237	6318	02.05.2023 15:03:59 UTC-05:00	Jrk Bgrt	Hope..
238	6352	10.06.2023 01:39:07 UTC-05:00	Jrk Bgrt	Correct. \n - \n No. \n - \n Can't say anything about this.
239	6383	12.06.2023 07:31:49 UTC-05:00	Jrk Bgrt	Physically, I assume not 😅.
240	6497	03.08.2023 14:50:23 UTC-05:00	Jrk Bgrt	Ok ok ok ok. I can't hold this one any longer.
241	6498	03.08.2023 14:51:33 UTC-05:00	Jrk Bgrt	Are you really looking for just the btc...?
242	6503	03.08.2023 15:17:19 UTC-05:00	Jrk Bgrt	Another one only 8 minutes after the last one?
243	6511	03.08.2023 15:28:20 UTC-05:00	Jrk Bgrt	Might be. Wish I had said nothing though.
244	6514	03.08.2023 15:30:14 UTC-05:00	Jrk Bgrt	Exactly, should have refrained from typing earlier maybe.
245	6516	03.08.2023 15:33:50 UTC-05:00	Jrk Bgrt	I saw that you guys got really really far already.
246	6517	03.08.2023 15:34:24 UTC-05:00	Jrk Bgrt	Actually, the hardest part is done.
247	6662	04.08.2023 19:46:47 UTC-05:00	Jrk Bgrt	"""Globally supporting my generation"""
248	6969	06.08.2023 05:42:15 UTC-05:00	Jrk Bgrt	This may sound at little dramatic but if I suddenly can't answer you guys anymore, it was nice knowing you all ❤️.
249	6970	06.08.2023 05:43:46 UTC-05:00	Jrk Bgrt	Oh, and be careful of what you get yourselves into. 🤐
250	6972	06.08.2023 05:44:27 UTC-05:00	Jrk Bgrt	I'll not explain why.
251	6973	06.08.2023 05:44:39 UTC-05:00	Jrk Bgrt	The puzzle talks for me.
252	6975	06.08.2023 05:45:26 UTC-05:00	Jrk Bgrt	And don't worry, I'll just be here in the meanwhile 😘.
253	6991	06.08.2023 05:55:01 UTC-05:00	Jrk Bgrt	Not at all.
254	6996	06.08.2023 05:56:34 UTC-05:00	Jrk Bgrt	You know if you know.
255	7005	06.08.2023 06:22:27 UTC-05:00	Jrk Bgrt	It wasn't cryptic enough before?
256	7011	06.08.2023 07:05:33 UTC-05:00	Jrk Bgrt	I wish only for that the puzzle provided some exciting pieces of information. That others have learned something new and that for some it is simply entertaining. I hope that the person who connects the last pieces for the 'main price' will thus get its hands on the private key and hold or spend it wisely, but mostly enjoy it. And lastly, I hope to witness the day that the last scene of mr. Robot becomes a reality.
257	7012	06.08.2023 07:05:51 UTC-05:00	Jrk Bgrt	In the eye of the beholder, for sure 😊.
258	7014	06.08.2023 07:09:27 UTC-05:00	Jrk Bgrt	Technically my friends and family can get to all my data if they'd work together. In that scenario, don't expect a halving of the price.
259	7016	06.08.2023 07:11:19 UTC-05:00	Jrk Bgrt	Hahaha good one. I thought of a 24h Killswitch, but nah. Can't be bothered :D! Instead.
260	7018	06.08.2023 07:12:13 UTC-05:00	Jrk Bgrt	"Probably the last hint: \n  \n Once you hit a ""ying yang"", you'll be able to solve it the same day."
261	7020	06.08.2023 07:13:30 UTC-05:00	Jrk Bgrt	Chance is small though. Merely an fyi, bit dramatic as stated earlier.
262	7022	06.08.2023 07:14:54 UTC-05:00	Jrk Bgrt	Both?
263	7026	06.08.2023 07:19:07 UTC-05:00	Jrk Bgrt	No need. You have all the info.
264	7027	06.08.2023 07:19:16 UTC-05:00	Jrk Bgrt	Good to see you again btw.
265	7030	06.08.2023 07:20:13 UTC-05:00	Jrk Bgrt	No hints 🤡
266	7034	06.08.2023 07:21:07 UTC-05:00	Jrk Bgrt	My hat off to you, and you know why 🫡.
267	7035	06.08.2023 07:21:37 UTC-05:00	Jrk Bgrt	Only fair ones. And to everyone.
268	7040	06.08.2023 07:43:54 UTC-05:00	Jrk Bgrt	To answer your question 'fully', from here on, high likely no hints anymore. But if somehow you all can't solve it from here in the next few years (which I deem unlikely given the state of the solving process), then I might feel the need to give an additional hint, as I couldn't happily live with the idea that some would think that this was a scam. Note, that I hope not to have to give another hint as it would probably be a give away. Good luck to you all!
269	7045	06.08.2023 07:49:59 UTC-05:00	Jrk Bgrt	Something was solved rather... remarkable.
270	7047	06.08.2023 07:53:56 UTC-05:00	Jrk Bgrt	Partly.
271	7049	06.08.2023 07:56:02 UTC-05:00	Jrk Bgrt	I won't!
272	7050	06.08.2023 08:00:38 UTC-05:00	Jrk Bgrt	Ok, although I somehow feel the need to have my eyes at this chat all for sudden it's time for me to shut up again and see my little ones play in an obstacle parc here on France. Ciao!
273	7054	06.08.2023 12:23:44 UTC-05:00	Jrk Bgrt	I have no clue.
274	7056	06.08.2023 13:39:34 UTC-05:00	Jrk Bgrt	Correct. Well, technically, you'll need the internet to claim the prize in the end 🤔.
275	7318	11.08.2023 00:52:53 UTC-05:00	Jrk Bgrt	Hi all, getting quite some DM's which is fine, just know that I'm traveling the next coming days ✌️!
276	7319	11.08.2023 00:53:25 UTC-05:00	Jrk Bgrt	"And I usually answer with ""no hints""."
277	7754	18.08.2023 08:24:12 UTC-05:00	Jrk Bgrt	😳 how?
278	7755	18.08.2023 08:25:35 UTC-05:00	Jrk Bgrt	Hi all. I'm on holiday btw. I might not answer DMs.
279	9149	23.08.2023 14:43:21 UTC-05:00	Jrk Bgrt	Note that I get quite some puzzle DMs. I've become used to just say 'no hints'.. (sorry for that).
280	9719	29.08.2023 13:06:07 UTC-05:00	Jrk Bgrt	Correct
281	12194	28.09.2023 11:13:32 UTC-05:00	Jrk Bgrt	I'm ok! ♥️
282	12196	28.09.2023 11:14:24 UTC-05:00	Jrk Bgrt	Sorry for not answering. I've just been trying not to live in my phone, as that has become a habit the last 20 years of my life.
283	12198	28.09.2023 11:16:21 UTC-05:00	Jrk Bgrt	Still on holiday 😅. In the Caribbean currently. It's lovely here. I see some spam complaints, also sorry for that. Everyone ok besides that?
284	12201	28.09.2023 11:19:30 UTC-05:00	Jrk Bgrt	Thanks!!!
285	12986	17.11.2023 07:50:24 UTC-05:00	Jrk Bgrt	Hello there, are we all still having fun?
286	12987	17.11.2023 07:51:43 UTC-05:00	Jrk Bgrt	I received some DMs, I thought I'd say hi ✌️. I'm ok, apologies for not being here on a daily basis.
287	13038	24.11.2023 09:05:13 UTC-05:00	Jrk Bgrt	"There's a question multiple people have asked me. ""Given the available knowledge, is internet still required to solve it?"" \n  \n Nope"
288	13991	26.12.2023 12:13:51 UTC-05:00	Jrk Bgrt	Heeeeelllloooooooo
289	13992	26.12.2023 12:14:06 UTC-05:00	Jrk Bgrt	Happy Christmas all ❤️
290	13995	26.12.2023 12:15:02 UTC-05:00	Jrk Bgrt	Hahahaha that meme, love it
291	13996	26.12.2023 12:15:42 UTC-05:00	Jrk Bgrt	Any spammers I have to ban?
292	13998	26.12.2023 12:27:27 UTC-05:00	Jrk Bgrt	Have you tried the purple pill already?
293	14000	26.12.2023 12:28:12 UTC-05:00	Jrk Bgrt	Candy flipping into 2024 ;-)
294	15602	26.01.2024 12:13:57 UTC-05:00	Jrk Bgrt	~2000 new messages, great. You all doing ok?
295	15606	26.01.2024 12:21:46 UTC-05:00	Jrk Bgrt	Regular Bitcoin Private key
296	15607	26.01.2024 12:22:04 UTC-05:00	Jrk Bgrt	🤐
297	17027	11.03.2024 07:57:45 UTC-05:00	Jrk Bgrt 31.03.2019 19:55:41	0011111101010100010011100100100101001000010111110100010001001110001100100101111101000101010010000101010001011111010100110100100101011111010000110101111101010010010001010100001001001101010101010100111001011111010001010100100001010100010111110100010001001110010000010101111101010100010011000101010101000001010001100100010101000100010111110101001101001001010111110011001100110001010111110100011001001001010111110101010001000001010010000101011101011111010001000100111001000001001111110101001101000101010001110100000101010011010100110100010101001101010111110101001101001001010010000101111101000100010011100100010101010011010111110101001001000001010100110100010101000001010000110101111101000100010010010100010001011111010101110100111101001000011111000111010101101000011100000111001001111001011010000111011101101011011010000110011001110010011101010111010101101000011001100111011101101011011011000111000101110111011101110111001001110011011101010111001001100110011010000110100001100111011101110111001001110111011010110110100001110001011010000110000101110111011101100111011101100100011010100110100000110001001100000011000100110001001100010011000100110000001100000011000100110000001100010011000100110001001100010011000000110000001100010011000000110000001100000011000100110000001100010011000000110001001100000011000100110000001100010011000000110001001100000011000000110001001100000011000100110000001100010011000100110000001100000011000000110000001100010011000000110001001100010011000000110001001100000011000000110000001100010011000100110000001100000011000000110001001100000011000100110001001100000011000100110000001100000011000000110000001100010011000100110000001100010011000000110000001100000011000100110001001100000011000100110001001100000011000000110001001100000011000100110001001100010011000100110000001100000011000000110001001100000011000000110001001100010011000000110000001100000011000000110000001100010011000100110000001100000011000100110001001100000011000000110000001100010011000100110000001100000011000000110000001100010011000100110000001100010011000000110001001100000011000100110000001100010011000000110001001100000011000100110001001100000011000100110000001100010011000100110000001100010011000000110000001100000011000100110001001100000011000000110000001100010011000000110001001100000011000100110001001100000011000000110000001100010011000000110000001100010011000100110000001100010011000100110001001100010011000000110001001100000011000000110001001100010011000100110000001100000011000100110001001100000011000000110001001100000011000000110001001100010011000000110000001100010011000000110000001100010011000100110000001100010011000000110000001100000011000000110000001100010011000100110000001100000011000000110001001100010011000000110000001100000011000100110000001100000011000100110000001100000011000100110001001100000011000000110000001100000011000100110000001100000011000100110001001100000011000000110001001100010011000000110001001100010011000100110000001100000011000000110000001100000011000100110001001100000011000000110000001100010011000000110000001100010011000100110000001100000011000000110001001100000011000000110000001100010011000100110000001100000011000100110000001100010011000000110001001100010011000000110001001100000011000100110000001100010011000100110000001100000011000100110001001100000011000000110001001100000011000100110000001100000011000100110000001100010011000100110000001100010011000000110001001100000011000000110001001100000011000100110001001100000011000000110001001100010011000000110001001100000011000100110000001100000011000000110000001100010011000000110000001100010011000000110000001100000011000100110000001100000011000100110001001100000011000100110000001100000011000000110001001100010011000000110000001100010011000000110000001100010011000100110001001100000011000000110001001100010011000100110000001100010011000000110001001100000011000100110000001100010011000000110000001100010011000100110000001100010011000000110001001100000011000100110001001100010011000000110001001100010011000000110000001100000011000100110001001100000011000100110001001100000011000000110001001100010011000000110000
298	17028	11.03.2024 07:57:46 UTC-05:00	Jrk Bgrt 31.03.2019 19:55:41	001100000011000000110001001100000011000000110001001100010011000000110001001100010011000000110000001100010011000100110000001100000011000100110000001100000011000100110001001100010011000000110000001100010011000000110000001100010011000100110001001100010011000000110000001100000011000100110001001100000011000000110001001100000011000000110001001100010011000000110001001100010011000000110000001100010011000000110001001100010011000000110000001100010011000000110000001100000011000000110001001100000011000000110001001100000011000100110001001100000011000000110000001100010011000100110000001100000011000000110000001100000011000100110001001100000011000000110000001100010011000000110000001100010011000000110001001100000011000000110000001100000011000100110000001100000011000100110000001100010011000000110000001100000011000000110001001100010011000000110000001100000011000100110000001100010011000100110000001100000011000000110001001100010011000000110001001100010011000000110000001100010011000000110001001100000011000000110000001100010011000000110001001100010011000000110000001100010011000000110001001100000011000100110000001100000011000000110000001100000011000100110000001100000011000100110000001100000011000000110000001100010011000001101000011101100111010101101000011110010110100001110101
299	17781	26.03.2024 05:41:13 UTC-05:00	Jrk Bgrt	I'm not really here, just checking if you folks are still alive and kicking. ✌️
300	17784	26.03.2024 05:42:36 UTC-05:00	Jrk Bgrt	For all those DM'ing me, the answer to your question is probably NO or YES. I decided not to answer any puzzle questions anymore. If there will be a hint (ever). It will be here.
301	17785	26.03.2024 05:43:04 UTC-05:00	Jrk Bgrt	IT'S OK, I FORGOT THAT IT'S CAPS TUESDAY.
302	17788	26.03.2024 05:46:40 UTC-05:00	Jrk Bgrt	Yeah, being lost is a common aspect of being on this planet I guess, or at least when tempering with rabbit holes.
303	17789	26.03.2024 05:47:53 UTC-05:00	Jrk Bgrt	Btw, for those with the heartwarming words. Many thanks ❤️.
304	17793	26.03.2024 05:49:08 UTC-05:00	Jrk Bgrt	Please understand that I get multiple of these questions on a daily basis..
305	17794	26.03.2024 05:50:02 UTC-05:00	Jrk Bgrt	There are investment institutions for this. Requesting money for a solid idea is not that difficult.
306	17797	26.03.2024 05:52:11 UTC-05:00	Jrk Bgrt	Yes. Some if you might soon be drinking it probably.
307	17798	26.03.2024 05:53:04 UTC-05:00	Jrk Bgrt	Seems puzzlers are decent people ;-).
308	17800	26.03.2024 05:55:39 UTC-05:00	Jrk Bgrt	Ask Claude-3 for the best approach maybe?
309	17802	26.03.2024 05:56:29 UTC-05:00	Jrk Bgrt	Understandable
310	17804	26.03.2024 05:57:09 UTC-05:00	Jrk Bgrt	Does it come close to Claude and gpt?
311	17815	26.03.2024 09:40:01 UTC-05:00	Jrk Bgrt	Technically yes but Nope.
312	17816	26.03.2024 09:40:38 UTC-05:00	Jrk Bgrt	And hi, you're hallucinating. Is it the mescaline?
313	17818	26.03.2024 09:41:41 UTC-05:00	Jrk Bgrt	😉
314	17821	26.03.2024 12:05:05 UTC-05:00	Jrk Bgrt	I prefer superpositions 😉.
315	17824	26.03.2024 12:23:03 UTC-05:00	Jrk Bgrt	You're doing fine.
316	17852	27.03.2024 11:41:56 UTC-05:00	Jrk Bgrt	Sqaures and a rabbit?
317	18450	10.04.2024 13:21:30 UTC-05:00	Jrk Bgrt	1357 blocks to go
318	18812	17.04.2024 06:02:00 UTC-05:00	Jrk Bgrt	I received some complaints about insulting behavior. \n  \n May it be obvious that it's not acceptable. \n  \n Please refrain from doing so, or I have to get the banhammer out of the drawer of either slap someone with a large trout. \n  \n Please be nice ❤️.
319	18813	17.04.2024 06:03:03 UTC-05:00	Jrk Bgrt	Happy countdown everyone ✌️!
320	18928	19.04.2024 19:08:44 UTC-05:00	Jrk Bgrt	Ha, we lost one 'puzzler'.
321	18929	19.04.2024 19:10:14 UTC-05:00	Jrk Bgrt	Seemed like a nice moment to get the ban hammer out of the drawer.
322	18931	19.04.2024 19:10:43 UTC-05:00	Jrk Bgrt	Happy halving everyone!
323	18932	19.04.2024 19:15:48 UTC-05:00	Jrk Bgrt	For those that still haven't solved the puzzle. There are few prizes to win besides the banter in this chat. A private key, some 'obscure' intel, or what I hope most of you have discovered by now, the most obvious reason to make sure you hold on to Bitcoin 😉.
324	18933	19.04.2024 19:15:54 UTC-05:00	Jrk Bgrt	✌️
325	18940	19.04.2024 19:29:57 UTC-05:00	Jrk Bgrt	16$ fee. Damn. \n  \n Well, anyway, see you in 4 years! Good luck you all.
326	18941	19.04.2024 19:31:10 UTC-05:00	Jrk Bgrt	Me? No. Don't know that guy.
327	18949	19.04.2024 20:34:10 UTC-05:00	Jrk Bgrt	I should.
328	18951	19.04.2024 20:35:15 UTC-05:00	Jrk Bgrt	Challenge accepted.
329	19798	06.06.2024 03:16:00 UTC-05:00	Jrk Bgrt	Crazy No hint Thursday, every Friday!
330	19805	07.06.2024 05:10:08 UTC-05:00	Jrk Bgrt	An active one.
331	20020	11.07.2024 14:29:17 UTC-05:00	Jrk Bgrt	None planned.
332	20340	30.08.2024 04:21:04 UTC-05:00	Jrk Bgrt	It indeed set to private. I haven't opened tg for a while so I guess it wasn't from my side 🫤.
333	20628	19.09.2024 02:20:23 UTC-05:00	Jrk Bgrt	I simply liked Jacque's ideas a lot. I have techy friends building communities around that idea today; I haven't invested much time into it as I should myself. But in the coming years I move to a place where that becomes a possibility.
334	21212	21.10.2024 14:03:09 UTC-05:00	Jrk Bgrt	I know a Matthew, and if he knows a Roberto, it's likely the same one and a very smart guy. 😉
335	21214	21.10.2024 14:03:34 UTC-05:00	Jrk Bgrt	Hi all! Everyone still happy?
336	21235	21.10.2024 14:06:58 UTC-05:00	Jrk Bgrt	Nice! Chilling under artificial stars, clearing up disks.
337	21333	22.10.2024 03:07:24 UTC-05:00	Jrk Bgrt 31.03.2019 19:55:41	0011111101010100010011100100100101001000010111110100010001001110001100100101111101000101010010000101010001011111010100110100100101011111010000110101111101010010010001010100001001001101010101010100111001011111010001010100100001010100010111110100010001001110010000010101111101010100010011000101010101000001010001100100010101000100010111110101001101001001010111110011001100110001010111110100011001001001010111110101010001000001010010000101011101011111010001000100111001000001001111110101001101000101010001110100000101010011010100110100010101001101010111110101001101001001010010000101111101000100010011100100010101010011010111110101001001000001010100110100010101000001010000110101111101000100010010010100010001011111010101110100111101001000011111000111010101101000011100000111001001111001011010000111011101101011011010000110011001110010011101010111010101101000011001100111011101101011011011000111000101110111011101110111001001110011011101010111001001100110011010000110100001100111011101110111001001110111011010110110100001110001011010000110000101110111011101100111011101100100011010100110100000110001001100000011000100110001001100010011000100110000001100000011000100110000001100010011000100110001001100010011000000110000001100010011000000110000001100000011000100110000001100010011000000110001001100000011000100110000001100010011000000110001001100000011000000110001001100000011000100110000001100010011000100110000001100000011000000110000001100010011000000110001001100010011000000110001001100000011000000110000001100010011000100110000001100000011000000110001001100000011000100110001001100000011000100110000001100000011000000110000001100010011000100110000001100010011000000110000001100000011000100110001001100000011000100110001001100000011000000110001001100000011000100110001001100010011000100110000001100000011000000110001001100000011000000110001001100010011000000110000001100000011000000110000001100010011000100110000001100000011000100110001001100000011000000110000001100010011000100110000001100000011000000110000001100010011000100110000001100010011000000110001001100000011000100110000001100010011000000110001001100000011000100110001001100000011000100110000001100010011000100110000001100010011000000110000001100000011000100110001001100000011000000110000001100010011000000110001001100000011000100110001001100000011000000110000001100010011000000110000001100010011000100110000001100010011000100110001001100010011000000110001001100000011000000110001001100010011000100110000001100000011000100110001001100000011000000110001001100000011000000110001001100010011000000110000001100010011000000110000001100010011000100110000001100010011000000110000001100000011000000110000001100010011000100110000001100000011000000110001001100010011000000110000001100000011000100110000001100000011000100110000001100000011000100110001001100000011000000110000001100000011000100110000001100000011000100110001001100000011000000110001001100010011000000110001001100010011000100110000001100000011000000110000001100000011000100110001001100000011000000110000001100010011000000110000001100010011000100110000001100000011000000110001001100000011000000110000001100010011000100110000001100000011000100110000001100010011000000110001001100010011000000110001001100000011000100110000001100010011000100110000001100000011000100110001001100000011000000110001001100000011000100110000001100000011000100110000001100010011000100110000001100010011000000110001001100000011000000110001001100000011000100110001001100000011000000110001001100010011000000110001001100000011000100110000001100000011000000110000001100010011000000110000001100010011000000110000001100000011000100110000001100000011000100110001001100000011000100110000001100000011000000110001001100010011000000110000001100010011000000110000001100010011000100110001001100000011000000110001001100010011000100110000001100010011000000110001001100000011000100110000001100010011000000110000001100010011000100110000001100010011000000110001001100000011000100110001001100010011000000110001001100010011000000110000001100000011000100110001001100000011000100110001001100000011000000110001001100010011000000110000
338	21334	22.10.2024 03:07:24 UTC-05:00	Jrk Bgrt 31.03.2019 20:14:38	first one to find a private key may keep the bitcoins.
339	21335	22.10.2024 03:07:24 UTC-05:00	Jrk Bgrt 31.03.2019 20:31:17	That might be just the beginning of the puzzle.
340	21336	22.10.2024 03:07:24 UTC-05:00	Jrk Bgrt 31.03.2019 20:31:26	Why wouldn't we?
341	21337	22.10.2024 03:07:25 UTC-05:00	Jrk Bgrt 31.03.2019 20:32:09	The first to find a private key in  the code may keep the bitcoins.
342	23595	22.11.2024 10:34:11 UTC-05:00	Jrk Bgrt 11.12.2022 10:33:20	If the puzzle is solved you'll see how scary specific that is 😂
343	25241	29.11.2024 04:56:10 UTC-05:00	Jrk Bgrt	In that case I'll show, as I don't have much talent.
344	25242	29.11.2024 04:56:39 UTC-05:00	Jrk Bgrt	Hello everyone, still having fun :-)?
345	25244	29.11.2024 04:57:24 UTC-05:00	Jrk Bgrt	I was told this group could use some moderation.
346	25247	29.11.2024 04:59:41 UTC-05:00	Jrk Bgrt	If wallet != empty, puzzle not solved. \n  \n (Most likely).
347	25249	29.11.2024 05:00:19 UTC-05:00	Jrk Bgrt	That was indeed the plan.
348	25266	29.11.2024 05:13:16 UTC-05:00	Jrk Bgrt	If at all, a very bad one. Not even worth the title of skid. Although, as you might have guessed, I've seen some 'security' places 'protecting' our digital realms.
349	25268	29.11.2024 05:15:17 UTC-05:00	Jrk Bgrt	"Haven't interacted with a terminal in a while. ""But what can you do without a cpu?"", touch grass it is."
350	25271	29.11.2024 05:17:21 UTC-05:00	Jrk Bgrt	Hint? Hint? Heh, what craziness are you talking about? There is no hint.
351	25278	29.11.2024 05:20:59 UTC-05:00	Jrk Bgrt	🤐
352	25284	29.11.2024 05:28:47 UTC-05:00	Jrk Bgrt	At this point, I don't know what to hint, without ruining it for those that might find it. If you guys got 1 microstep further, the puzzle will likely be solved the same day. \n  \n I could come up with some empty cryptic bs hint, but that would be lame too. \n  \n And in the end, good puzzles don't need hints, hence this puzzle appears to be a tiny bit shitty sometimes.
353	25285	29.11.2024 05:29:20 UTC-05:00	Jrk Bgrt	No clue Friday. \n Every Saturday.
354	25294	29.11.2024 05:39:33 UTC-05:00	Jrk Bgrt	Oh, and before I forget, apologies for not answering any DMs, don't take it personal. \n  \n I mainly got tired of answering with either 'no hints', or listening to sad stories about family, or kids with severe health problems, hoping to obtain a hint, all day every day.
355	25300	29.11.2024 05:42:55 UTC-05:00	Jrk Bgrt	I saw that @qv8du3ne8s9 [https://t.me/qv8du3ne8s9] 😂
356	25312	29.11.2024 05:47:19 UTC-05:00	Jrk Bgrt	I think I'll be going for ASCII 127 myself. But not overly dramatic.
357	25337	29.11.2024 05:57:33 UTC-05:00	Jrk Bgrt	I think I'm fine - gladly I don't feel that weird anxiety anymore. However, I do expect that in about 18 years my government might have to notify me that I've been 'under investigation' for a while. But don't worry about me; me, family and friends are doing great!
358	25340	29.11.2024 05:58:58 UTC-05:00	Jrk Bgrt	This is so true. I must say, with that in mind, it makes typing any message here a bit more challenging.
359	25342	29.11.2024 06:00:25 UTC-05:00	Jrk Bgrt	Admins
360	25354	29.11.2024 06:02:00 UTC-05:00	Jrk Bgrt	Happiness.
361	25366	29.11.2024 06:06:24 UTC-05:00	Jrk Bgrt	You only need the last number of pi and it might get you somewhere.
362	25381	29.11.2024 06:13:47 UTC-05:00	Jrk Bgrt	I already have gray hair unfortunately.
363	25383	29.11.2024 06:15:34 UTC-05:00	Jrk Bgrt	Maybe Bryan Johnson has an answer for my hair.
364	25387	29.11.2024 06:20:19 UTC-05:00	Jrk Bgrt	Pimeyes leads me to a festival thingy in the Netherlands. Is this a puzzle?
365	25391	29.11.2024 06:23:12 UTC-05:00	Jrk Bgrt	Not sure why but I suppose it doesn't affect the puzzle.
366	25393	29.11.2024 06:25:31 UTC-05:00	Jrk Bgrt	Could be, it has been years and we had a few FE guys working on it.
367	25397	29.11.2024 06:28:41 UTC-05:00	Jrk Bgrt	Yeah, what can I say? In a way, it's a pretty smart by mr Sailor, and Bitcoin is built to withstand this shenanigans anyway.
368	25399	29.11.2024 06:29:55 UTC-05:00	Jrk Bgrt	Yeah NAD is great.
369	25403	29.11.2024 06:30:33 UTC-05:00	Jrk Bgrt	I only take ~80 supplements daily, nothing crazy 😅.
370	25407	29.11.2024 06:32:02 UTC-05:00	Jrk Bgrt	Blueprint is sort of the leading list at this point.
371	25411	29.11.2024 06:34:04 UTC-05:00	Jrk Bgrt	I mean, if you guys don't solve it anytime soon I'll have to try and stay alive till the year 2145.
372	25416	29.11.2024 06:37:27 UTC-05:00	Jrk Bgrt	I explain them a lot but I don't want them to know about BTC yet, having this unhealthy fear for btc kidnapping.
373	25420	29.11.2024 06:39:50 UTC-05:00	Jrk Bgrt	Enjoying life, mostly 😉.
374	25433	29.11.2024 06:47:44 UTC-05:00	Jrk Bgrt	Yeah, heard this argument before. Haven't used it myself for years. Bryan is a bit.. extreme, and his team of doctors probably concluded that it's good for him. Also, there aren't many studies that have concluded that long term low dose usage would do any damage. \n  \n In the end there's no perfect static setup, as we're all a bit different.
375	25440	29.11.2024 06:51:05 UTC-05:00	Jrk Bgrt	Another doctor in my room states that these are indeed the typical puzzle doctors 😉.
376	25447	29.11.2024 06:54:17 UTC-05:00	Jrk Bgrt	Already better than many doctors... especially for discovering very unlikely cases.
377	25459	29.11.2024 07:03:37 UTC-05:00	Jrk Bgrt	I'd quit that if you want quality sleep. I used it so much, my body can't deal with it anymore. After a week or 2 you'll start dreaming again.
378	25462	29.11.2024 07:05:46 UTC-05:00	Jrk Bgrt	Ah sorry, I missed that. I used a gram daily, for years. 😅
379	25464	29.11.2024 07:06:39 UTC-05:00	Jrk Bgrt	🫡
380	25465	29.11.2024 07:13:43 UTC-05:00	Jrk Bgrt	Ok, I'm off people 👻. Be good, stay healthy, stack sats and enjoy life.  \n  \n Ciao! \n  \n And good luck Admins! (And many thanks in advance, please be fair 😉).
381	26243	04.12.2024 17:59:53 UTC-05:00	Jrk Bgrt 25.02.2020 13:09:39	But I should shut up ofcourse 😁
382	26244	04.12.2024 17:59:54 UTC-05:00	Jrk Bgrt 25.02.2020 13:15:01	Don't know but most see 3.2 as the last part.
383	26293	07.12.2024 17:24:55 UTC-05:00	Jrk Bgrt 29.11.2024 06:25:31	Could be, it has been years and we had a few FE guys working on it.
384	26420	08.12.2024 17:11:11 UTC-05:00	Jrk Bgrt 26.12.2021 15:18:32	"The previous ""there is another door hint"" is still a thing. We're not sure if anyone has found another door so far, and we can't check that... We've seen prime numbers being mentioned; well, that is definitely an aspect which is required to proceed. Furthermore, along the way, some characters need to be 'zeroed out'.. Best of luck and happy holidays! 🥂"
385	26497	11.12.2024 19:12:06 UTC-05:00	Jrk Bgrt 08.04.2020 15:33:48	(not a hint btw, just fooling around)
386	27472	03.01.2025 19:44:06 UTC-05:00	Jrk Bgrt 29.11.2024 06:06:24	You only need the last number of pi and it might get you somewhere.
387	30667	27.04.2025 10:02:30 UTC-05:00	Jrk Bgrt 19.04.2019 18:34:12	Equivalent of 25 btc
388	30668	27.04.2025 10:02:30 UTC-05:00	Jrk Bgrt 19.04.2019 18:35:03	Hi there, welcome
389	30669	27.04.2025 10:02:30 UTC-05:00	Jrk Bgrt 19.04.2019 18:35:28	Si
390	30670	27.04.2025 10:02:30 UTC-05:00	Jrk Bgrt 19.04.2019 18:36:13	Correct
391	30671	27.04.2025 10:02:30 UTC-05:00	Jrk Bgrt 19.04.2019 19:13:56	Depends how you look at it.
392	30777	28.04.2025 11:45:47 UTC-05:00	Jrk Bgrt	You people are still having fun I see.
393	30783	28.04.2025 11:48:07 UTC-05:00	Jrk Bgrt	Ah, no hints? Ok, that's also fine.
394	30789	28.04.2025 11:51:05 UTC-05:00	Jrk Bgrt	I have to say, that touching grass thingy is pretty nice.
395	30791	28.04.2025 11:52:50 UTC-05:00	Jrk Bgrt	Yeah, tricky question. You can try to time it (I stopped doing that), but if you understand the puzzle you'll discover that I'd suggest btc only, and don't gamble.
396	30800	28.04.2025 11:55:14 UTC-05:00	Jrk Bgrt	"I was hinted when eth was 2$. Saw the ""DAO"" unfold live in front of my eyes with 8000 holders on slack; was allowed to double my eth with all the left over etc, and then swap it to btc. Good old times."
397	30802	28.04.2025 11:56:14 UTC-05:00	Jrk Bgrt	If I'd ever take the funds (I won't), I wouldn't even tell the answer 😈.
398	30804	28.04.2025 11:57:17 UTC-05:00	Jrk Bgrt	Did anyone found yingyang? I don't think so, you guys are so smart, when yingyang is reached, 2 hours max.
399	30809	28.04.2025 11:58:50 UTC-05:00	Jrk Bgrt	Im with alcohol, dont blame me for more typos.
400	30812	28.04.2025 11:59:29 UTC-05:00	Jrk Bgrt	Alcohol, and answering this chat go hand in hand somehow.
401	30814	28.04.2025 12:00:26 UTC-05:00	Jrk Bgrt	Que?
402	30817	28.04.2025 12:01:36 UTC-05:00	Jrk Bgrt	It’s the next phase, but I await the day someone finally gets there.
403	30821	28.04.2025 12:02:46 UTC-05:00	Jrk Bgrt	"Ok, the ""better half"" is hungry. Which means I'm off 🤗"
404	32082	14.05.2025 00:04:22 UTC-05:00	Jrk Bgrt 12.01.2023 06:09:14	Focussing on the theory of everything is also still a valid path to reaching the private key.
405	32083	14.05.2025 00:04:22 UTC-05:00	Jrk Bgrt 26.01.2024 12:21:46	Regular Bitcoin Private key
406	34597	16.06.2025 03:49:00 UTC-05:00	Jrk Bgrt 03.08.2023 14:51:33	Are you really looking for just the btc...?
407	36246	23.07.2025 08:00:48 UTC-05:00	Jrk Bgrt 31.03.2019 19:55:41	0011111101010100010011100100100101001000010111110100010001001110001100100101111101000101010010000101010001011111010100110100100101011111010000110101111101010010010001010100001001001101010101010100111001011111010001010100100001010100010111110100010001001110010000010101111101010100010011000101010101000001010001100100010101000100010111110101001101001001010111110011001100110001010111110100011001001001010111110101010001000001010010000101011101011111010001000100111001000001001111110101001101000101010001110100000101010011010100110100010101001101010111110101001101001001010010000101111101000100010011100100010101010011010111110101001001000001010100110100010101000001010000110101111101000100010010010100010001011111010101110100111101001000011111000111010101101000011100000111001001111001011010000111011101101011011010000110011001110010011101010111010101101000011001100111011101101011011011000111000101110111011101110111001001110011011101010111001001100110011010000110100001100111011101110111001001110111011010110110100001110001011010000110000101110111011101100111011101100100011010100110100000110001001100000011000100110001001100010011000100110000001100000011000100110000001100010011000100110001001100010011000000110000001100010011000000110000001100000011000100110000001100010011000000110001001100000011000100110000001100010011000000110001001100000011000000110001001100000011000100110000001100010011000100110000001100000011000000110000001100010011000000110001001100010011000000110001001100000011000000110000001100010011000100110000001100000011000000110001001100000011000100110001001100000011000100110000001100000011000000110000001100010011000100110000001100010011000000110000001100000011000100110001001100000011000100110001001100000011000000110001001100000011000100110001001100010011000100110000001100000011000000110001001100000011000000110001001100010011000000110000001100000011000000110000001100010011000100110000001100000011000100110001001100000011000000110000001100010011000100110000001100000011000000110000001100010011000100110000001100010011000000110001001100000011000100110000001100010011000000110001001100000011000100110001001100000011000100110000001100010011000100110000001100010011000000110000001100000011000100110001001100000011000000110000001100010011000000110001001100000011000100110001001100000011000000110000001100010011000000110000001100010011000100110000001100010011000100110001001100010011000000110001001100000011000000110001001100010011000100110000001100000011000100110001001100000011000000110001001100000011000000110001001100010011000000110000001100010011000000110000001100010011000100110000001100010011000000110000001100000011000000110000001100010011000100110000001100000011000000110001001100010011000000110000001100000011000100110000001100000011000100110000001100000011000100110001001100000011000000110000001100000011000100110000001100000011000100110001001100000011000000110001001100010011000000110001001100010011000100110000001100000011000000110000001100000011000100110001001100000011000000110000001100010011000000110000001100010011000100110000001100000011000000110001001100000011000000110000001100010011000100110000001100000011000100110000001100010011000000110001001100010011000000110001001100000011000100110000001100010011000100110000001100000011000100110001001100000011000000110001001100000011000100110000001100000011000100110000001100010011000100110000001100010011000000110001001100000011000000110001001100000011000100110001001100000011000000110001001100010011000000110001001100000011000100110000001100000011000000110000001100010011000000110000001100010011000000110000001100000011000100110000001100000011000100110001001100000011000100110000001100000011000000110001001100010011000000110000001100010011000000110000001100010011000100110001001100000011000000110001001100010011000100110000001100010011000000110001001100000011000100110000001100010011000000110000001100010011000100110000001100010011000000110001001100000011000100110001001100010011000000110001001100010011000000110000001100000011000100110001001100000011000100110001001100000011000000110001001100010011000000110000
408	36669	05.08.2025 11:40:21 UTC-05:00	Jrk Bgrt 19.04.2019 18:34:12	Equivalent of 25 btc
409	36670	05.08.2025 11:40:21 UTC-05:00	Jrk Bgrt 19.04.2019 18:36:13	Correct
410	36671	05.08.2025 11:40:21 UTC-05:00	Jrk Bgrt 19.04.2019 19:13:56	Depends how you look at it.
411	38731	15.09.2025 21:24:36 UTC-05:00	Jrk Bgrt	Yes
412	38732	15.09.2025 21:24:52 UTC-05:00	Jrk Bgrt	Carrots were originally purple, until the Dutch turned them orange in the 1600s to kiss up to their royal family.
413	42080	31.12.2025 22:15:02 UTC-05:00	Jrk Bgrt	.
414	42081	31.12.2025 22:16:15 UTC-05:00	Jrk Bgrt	..
415	42082	31.12.2025 22:17:05 UTC-05:00	Jrk Bgrt	...
416	42083	31.12.2025 22:18:07 UTC-05:00	Jrk Bgrt	....
417	42084	31.12.2025 22:19:05 UTC-05:00	Jrk Bgrt	.....
418	42085	31.12.2025 22:20:03 UTC-05:00	Jrk Bgrt	01001000 01100001 01110000 01110000 01111001 00100000 01101110 01100101 01110111 00100000 01111001 01100101 01100001 01110010 00100001 00100000 01001101 01100001 01101011 01100101 00100000 01110100 01101000 01100101 00100000 01100010 01100101 01110011 01110100 00100000 01101111 01100110 00100000 01100101 01110110 01100101 01110010 01111001 01110100 01101000 01101001 01101110 01100111 00101110 00100000 01001111 01101000 00101100 00100000 01100001 01101110 01100100 00100000 01101000 01100101 01110010 01100101 00100111 01110011 00100000 01100001 00100000 00100010 01110100 01101001 01101110 01111001 00100000 01101000 01101001 01101110 01110100 00100010 00100000 00111100 00110011 00101110
419	43102	04.01.2026 03:12:18 UTC-05:00	Jrk Bgrt 09.01.2023 05:10:46	At least prime number is very important to get any further.
420	47633	03.03.2026 20:11:55 UTC-05:00	Jrk Bgrt	👆🫡
421	47634	03.03.2026 20:12:28 UTC-05:00	Jrk Bgrt	Hi all 👋🏻
422	47637	03.03.2026 20:17:02 UTC-05:00	Jrk Bgrt	No hints , only free will. One of the few things I somehow strugle to fully accept albeit that science is currently not on the deterministic side if I'm not mistaken.
423	47640	03.03.2026 20:18:06 UTC-05:00	Jrk Bgrt	Everyone still having fun?
424	47646	03.03.2026 20:19:39 UTC-05:00	Jrk Bgrt	Jacque was quite an inspiring lad I'd say.
425	47650	03.03.2026 20:21:38 UTC-05:00	Jrk Bgrt	It's kinda of a pvp zone here. Sort of a rust server with both nice and toxic units.
426	47654	03.03.2026 20:22:42 UTC-05:00	Jrk Bgrt	Maybe, Cartman's quote about chatroulette fits too.
427	47655	03.03.2026 20:23:27 UTC-05:00	Jrk Bgrt	🤐
428	47657	03.03.2026 20:27:00 UTC-05:00	Jrk Bgrt	Looks at gnomad. 👀
429	47660	03.03.2026 20:29:05 UTC-05:00	Jrk Bgrt	Bingo
430	47662	03.03.2026 20:30:47 UTC-05:00	Jrk Bgrt	I only need to look at the address. If any of you reaches the next phase, the price is taken in no-time.
431	47664	03.03.2026 20:31:09 UTC-05:00	Jrk Bgrt	🤷‍♂️
432	47666	03.03.2026 20:32:01 UTC-05:00	Jrk Bgrt	I suppose that could get you far in real life.
433	47670	03.03.2026 20:33:52 UTC-05:00	Jrk Bgrt	Before I forget. For those who DM me, my apologies for not answering - or only rarely. Nothing personal ❤️.
434	47672	03.03.2026 20:35:22 UTC-05:00	Jrk Bgrt	I'm going to rewatch episode 3.5 with  the better half.
435	47674	03.03.2026 20:36:04 UTC-05:00	Jrk Bgrt	Nope. You're not the first to ask.
436	47675	03.03.2026 20:37:14 UTC-05:00	Jrk Bgrt	Cheers all, good luck again 👋🏻!
437	48443	13.04.2026 11:25:35 UTC-05:00	Jrk Bgrt 13.04.2026 11:21:41	So why are we stopping? \n To run a bot like this in 2026, you need a ridiculous amount of compute. Our market analyser is a proper cruncher which deals with big data, all on the fly (big data by definition, fyi). It crunches numbers every microsecond, year in year out. To stay competitive, it costs a fortune. The whole setup only really makes financial sense for the big whales and UHNWIs on the highest tier. Running these calculations for the shrimps is literally killing us financially. The other subscription levels are not enough to keep it +EV. We tried. We crunched the numbers until our eyes hurt. Time to be honest and do the inevitable. \n We try to be a bit ghostly, but we are definitely not ghosting you. Here is what we are doing for you right now. \n The dashboard will stay open for a few days, and we’ll make sure you can retrieve your history. Also, our terms and conditions state that we have to return all funds from the last 2 weeks. We’ll make that 6 weeks instead. So, please stop sending us funds for your subscriptions. \n We are not deleting the code. We are still figuring out what to do with it (maybe open source it, maybe something else, sell it to w/e company, fund or individual. We will let you know soon, or you may contact us, of course. \n Your personal data was always kept to bank security grade plus standards. It will be deleted and will never be included in a sale (might that ever happen). \n So thank you. \n Thank you for trusting a bunch of idiots with a dream. Thank you for the memes, the rage messages, the wins, the losses and every single story you shared. This ride was never about us getting rich. It was about getting YOU rich in a world that needed it. \n The lights are going off, but the story? That one lives forever. \n Stay dangerous out there, stack sats and may your future entries always be better than your exits. \n With love, zero regrets, \n JRK, d0d, Darky, Bloctite, and the remaining GSMG crew. \n P.S. The puzzle is still unsolved. We are watching from the sidelines with an infinite amount of popcorn without giving any hints - we hope that this will remain community-maintained, as the URL might vanish. 👀 \n P.P.S. Don’t worry about us; we’ve been busy with many non-GSMG things in the meantime. Who knows, you might enjoy some of the services/products we worked on somewhere in your life. You may find us in digital delivery systems for the entertainment and racing industry, automobile global human transport services, educational platforms, card game, logistics, data analyses, music-related entertainment, and many more.
438	48479	13.04.2026 18:29:44 UTC-05:00	Jrk Bgrt 05.03.2021 08:15:45	No hints 🤡
439	48737	21.04.2026 16:16:46 UTC-05:00	Jrk Bgrt 19.04.2019 18:34:12	Equivalent of 25 btc
440	48750	22.04.2026 17:00:22 UTC-05:00	Jrk Bgrt 19.04.2019 18:34:12	Equivalent of 25 btc
441	50206	24.05.2026 15:50:07 UTC-05:00	Jrk Bgrt 06.08.2023 05:44:39	The puzzle talks for me.
442	50334	28.05.2026 06:41:02 UTC-05:00	Jrk Bgrt	Ah, ofcourse. The puzzle is still valid!
443	50340	28.05.2026 08:34:18 UTC-05:00	Jrk Bgrt	🫡🥳
444	50931	09.06.2026 18:38:35 UTC-05:00	Jrk Bgrt 06.08.2023 05:44:39	The puzzle talks for me.
